partNo,boltType,standard,certification,surfaceFinish,brand,industryStandard,material,threadSize,length,grade,description
400298,Hex bolt,DIN,RoHS compliant,Black oxide,Nut & Bolt Solutions,ISO 4048,Steel,M20,45,Grade 118,Hex bolt M20 45mm
400299,Carriage bolt,ANSI,CE marked,Galvanized,Titan Bolts,ASME B18.39,Stainless steel,M12,70,Grade 121,Carriage bolt M12 70mm
400300,Eye bolt,ISO,RoHS compliant,Stainless steel,FastenAll,DIN 965,Steel,"3/4""",60,Grade 10.30,"Eye bolt 3/4"" 60mm"
400301,Flange bolt,DIN,RoHS compliant,Black oxide,Nut & Bolt Solutions,ISO 4196,Alloy steel,M12,80,Grade A328,Flange bolt M12 80mm
400302,U-bolt,ANSI,CE marked,Zinc-plated,BoltWorks Co.,ASME B18.2.35,Brass,M10,40,Grade 118,U-bolt M10 40mm
400303,Eye bolt,ISO,RoHS compliant,Galvanized,Titan Bolts,DIN 966,Steel,M16,55,Grade 121,Eye bolt M16 55mm
400304,Flange bolt,ASTM,RoHS compliant,Stainless steel,FastenAll,ASTM A360,Alloy steel,"5/16""",90,Grade A329,"Flange bolt 5/16"" 90mm"
400305,U-bolt,ANSI,CE marked,Zinc-plated,BoltWorks Co.,ASME B18.2.36,Brass,"5/8""",35,Grade 8,"U-bolt 5/8"" 35mm"
400306,Hex bolt,DIN,RoHS compliant,Black oxide,Nut & Bolt Solutions,ISO 4049,Steel,M10,60,Grade 5,Hex bolt M10 60mm
400307,Carriage bolt,ANSI,CE marked,Galvanized,Titan Bolts,ASME B18.40,Stainless steel,M12,65,Grade 8,Carriage bolt M12 65mm
400308,Eye bolt,ISO,RoHS compliant,Stainless steel,FastenAll,DIN 966,Steel,M20,50,Grade 5,Eye bolt M20 50mm
400309,Flange bolt,DIN,RoHS compliant,Black oxide,Nut & Bolt Solutions,ISO 4197,Alloy steel,M12,70,Grade 10.31,Flange bolt M12 70mm
400310,U-bolt,ANSI,CE marked,Zinc-plated,BoltWorks Co.,ASME B18.2.36,Brass,"3/4""",35,Grade A329,"U-bolt 3/4"" 35mm"
400311,Eye bolt,ISO,RoHS compliant,Galvanized,Titan Bolts,DIN 967,Steel,M12,45,Grade 124,Eye bolt M12 45mm
400312,Flange bolt,ASTM,RoHS compliant,Stainless steel,FastenAll,ASTM A361,Alloy steel,M10,70,Grade 127,Flange bolt M10 70mm
400313,U-bolt,ANSI,CE marked,Zinc-plated,BoltWorks Co.,ASME B18.2.37,Brass,M16,60,Grade 10.31,U-bolt M16 60mm
400314,Hex bolt,DIN,RoHS compliant,Black oxide,Nut & Bolt Solutions,ISO 4050,Steel,"5/16""",80,Grade A329,"Hex bolt 5/16"" 80mm"
400315,Carriage bolt,ANSI,CE marked,Galvanized,Titan Bolts,ASME B18.41,Stainless steel,"5/8""",40,Grade 124,"Carriage bolt 5/8"" 40mm"
400316,Eye bolt,ISO,RoHS compliant,Stainless steel,FastenAll,DIN 967,Steel,M10,55,Grade 127,Eye bolt M10 55mm
400317,Flange bolt,DIN,RoHS compliant,Black oxide,Nut & Bolt Solutions,ISO 4198,Alloy steel,M12,90,Grade A330,Flange bolt M12 90mm
400318,U-bolt,ANSI,CE marked,Zinc-plated,BoltWorks Co.,ASME B18.2.37,Brass,M20,35,Grade 8,U-bolt M20 35mm
400319,Eye bolt,ISO,RoHS compliant,Galvanized,Titan Bolts,DIN 968,Steel,M12,60,Grade 5,Eye bolt M12 60mm
400320,Flange bolt,ASTM,RoHS compliant,Stainless steel,FastenAll,ASTM A362,Alloy steel,"3/4""",65,Grade 8,"Flange bolt 3/4"" 65mm"
400321,U-bolt,ANSI,CE marked,Zinc-plated,BoltWorks Co.,ASME B18.2.38,Brass,M12,50,Grade 5,U-bolt M12 50mm
400322,Hex bolt,DIN,RoHS compliant,Black oxide,Nut & Bolt Solutions,ISO 4051,Steel,M10,70,Grade 10.32,Hex bolt M10 70mm
400323,Carriage bolt,ANSI,CE marked,Galvanized,Titan Bolts,ASME B18.42,Stainless steel,M16,35,Grade A330,Carriage bolt M16 35mm
400324,Eye bolt,ISO,RoHS compliant,Stainless steel,FastenAll,DIN 968,Steel,"5/16""",45,Grade 130,"Eye bolt 5/16"" 45mm"
400325,Flange bolt,DIN,RoHS compliant,Black oxide,Nut & Bolt Solutions,ISO 4199,Alloy steel,"5/8""",70,Grade 133,"Flange bolt 5/8"" 70mm"
400326,U-bolt,ANSI,CE marked,Zinc-plated,BoltWorks Co.,ASME B18.2.38,Brass,M10,60,Grade 10.32,U-bolt M10 60mm
400327,Eye bolt,ISO,RoHS compliant,Galvanized,Titan Bolts,DIN 969,Steel,M12,80,Grade A330,Eye bolt M12 80mm
400328,Flange bolt,ASTM,RoHS compliant,Stainless steel,FastenAll,ASTM A363,Alloy steel,M20,40,Grade 130,Flange bolt M20 40mm
400329,U-bolt,ANSI,CE marked,Zinc-plated,BoltWorks Co.,ASME B18.2.39,Brass,M12,55,Grade 133,U-bolt M12 55mm
400330,Hex bolt,DIN,RoHS compliant,Black oxide,Nut & Bolt Solutions,ISO 4052,Steel,"3/4""",90,Grade A331,"Hex bolt 3/4"" 90mm"
400331,Carriage bolt,ANSI,CE marked,Galvanized,Titan Bolts,ASME B18.43,Stainless steel,M12,35,Grade 8,Carriage bolt M12 35mm
400332,Eye bolt,ISO,RoHS compliant,Stainless steel,FastenAll,DIN 969,Steel,M10,60,Grade 5,Eye bolt M10 60mm
400333,Flange bolt,DIN,RoHS compliant,Black oxide,Nut & Bolt Solutions,ISO 4200,Alloy steel,M16,65,Grade 8,Flange bolt M16 65mm
400334,U-bolt,ANSI,CE marked,Zinc-plated,BoltWorks Co.,ASME B18.2.39,Brass,"5/16""",50,Grade 5,"U-bolt 5/16"" 50mm"
400335,Eye bolt,ISO,RoHS compliant,Galvanized,Titan Bolts,DIN 970,Steel,"5/8""",70,Grade 10.33,"Eye bolt 5/8"" 70mm"
400336,Flange bolt,ASTM,RoHS compliant,Stainless steel,FastenAll,ASTM A364,Alloy steel,M10,35,Grade A331,Flange bolt M10 35mm
400337,U-bolt,ANSI,CE marked,Zinc-plated,BoltWorks Co.,ASME B18.2.40,Brass,M12,45,Grade 136,U-bolt M12 45mm
400338,Hex bolt,DIN,RoHS compliant,Black oxide,Nut & Bolt Solutions,ISO 4053,Steel,M20,70,Grade 139,Hex bolt M20 70mm
400339,Carriage bolt,ANSI,CE marked,Galvanized,Titan Bolts,ASME B18.44,Stainless steel,M12,60,Grade 10.33,Carriage bolt M12 60mm
400340,Eye bolt,ISO,RoHS compliant,Stainless steel,FastenAll,DIN 970,Steel,"3/4""",80,Grade A331,"Eye bolt 3/4"" 80mm"
400341,Flange bolt,DIN,RoHS compliant,Black oxide,Nut & Bolt Solutions,ISO 4201,Alloy steel,M12,40,Grade 136,Flange bolt M12 40mm
400342,U-bolt,ANSI,CE marked,Zinc-plated,BoltWorks Co.,ASME B18.2.40,Brass,M10,55,Grade 139,U-bolt M10 55mm
400343,Eye bolt,ISO,RoHS compliant,Galvanized,Titan Bolts,DIN 971,Steel,M16,90,Grade A332,Eye bolt M16 90mm
400344,Flange bolt,ASTM,RoHS compliant,Stainless steel,FastenAll,ASTM A365,Alloy steel,"5/16""",35,Grade 8,"Flange bolt 5/16"" 35mm"
400345,U-bolt,ANSI,CE marked,Zinc-plated,BoltWorks Co.,ASME B18.2.41,Brass,"5/8""",60,Grade 5,"U-bolt 5/8"" 60mm"
400346,Hex bolt,DIN,RoHS compliant,Black oxide,Nut & Bolt Solutions,ISO 4054,Steel,M10,65,Grade 8,Hex bolt M10 65mm
400347,Carriage bolt,ANSI,CE marked,Galvanized,Titan Bolts,ASME B18.45,Stainless steel,M12,50,Grade 5,Carriage bolt M12 50mm
400348,Eye bolt,ISO,RoHS compliant,Stainless steel,FastenAll,DIN 971,Steel,M20,70,Grade 10.34,Eye bolt M20 70mm
400349,Flange bolt,DIN,RoHS compliant,Black oxide,Nut & Bolt Solutions,ISO 4202,Alloy steel,M12,35,Grade A332,Flange bolt M12 35mm
400350,U-bolt,ANSI,CE marked,Zinc-plated,BoltWorks Co.,ASME B18.2.41,Brass,"3/4""",45,Grade 142,"U-bolt 3/4"" 45mm"
400351,Eye bolt,ISO,RoHS compliant,Galvanized,Titan Bolts,DIN 972,Steel,M12,70,Grade 145,Eye bolt M12 70mm
400352,Flange bolt,ASTM,RoHS compliant,Stainless steel,FastenAll,ASTM A366,Alloy steel,M10,60,Grade 10.34,Flange bolt M10 60mm
400353,U-bolt,ANSI,CE marked,Zinc-plated,BoltWorks Co.,ASME B18.2.42,Brass,M16,80,Grade A332,U-bolt M16 80mm
400354,Hex bolt,DIN,RoHS compliant,Black oxide,Nut & Bolt Solutions,ISO 4055,Steel,"5/16""",40,Grade 142,"Hex bolt 5/16"" 40mm"
400355,Carriage bolt,ANSI,CE marked,Galvanized,Titan Bolts,ASME B18.46,Stainless steel,"5/8""",55,Grade 145,"Carriage bolt 5/8"" 55mm"
400356,Eye bolt,ISO,RoHS compliant,Stainless steel,FastenAll,DIN 972,Steel,M10,90,Grade A333,Eye bolt M10 90mm
400357,Flange bolt,DIN,RoHS compliant,Black oxide,Nut & Bolt Solutions,ISO 4203,Alloy steel,M12,35,Grade 8,Flange bolt M12 35mm
400358,U-bolt,ANSI,CE marked,Zinc-plated,BoltWorks Co.,ASME B18.2.42,Brass,M20,60,Grade 5,U-bolt M20 60mm
400359,Eye bolt,ISO,RoHS compliant,Galvanized,Titan Bolts,DIN 973,Steel,M12,65,Grade 8,Eye bolt M12 65mm
400360,Flange bolt,ASTM,RoHS compliant,Stainless steel,FastenAll,ASTM A367,Alloy steel,"3/4""",50,Grade 5,"Flange bolt 3/4"" 50mm"
400361,U-bolt,ANSI,CE marked,Zinc-plated,BoltWorks Co.,ASME B18.2.43,Brass,M12,70,Grade 10.35,U-bolt M12 70mm
400362,Hex bolt,DIN,RoHS compliant,Black oxide,Nut & Bolt Solutions,ISO 4056,Steel,M10,35,Grade A333,Hex bolt M10 35mm
400363,Carriage bolt,ANSI,CE marked,Galvanized,Titan Bolts,ASME B18.47,Stainless steel,M16,45,Grade 148,Carriage bolt M16 45mm
400364,Eye bolt,ISO,RoHS compliant,Stainless steel,FastenAll,DIN 973,Steel,"5/16""",70,Grade 151,"Eye bolt 5/16"" 70mm"
400365,Flange bolt,DIN,RoHS compliant,Black oxide,Nut & Bolt Solutions,ISO 4204,Alloy steel,"5/8""",60,Grade 10.35,"Flange bolt 5/8"" 60mm"
400366,U-bolt,ANSI,CE marked,Zinc-plated,BoltWorks Co.,ASME B18.2.43,Brass,M10,80,Grade A333,U-bolt M10 80mm
400367,Eye bolt,ISO,RoHS compliant,Galvanized,Titan Bolts,DIN 974,Steel,M12,40,Grade 148,Eye bolt M12 40mm
400368,Flange bolt,ASTM,RoHS compliant,Stainless steel,FastenAll,ASTM A368,Alloy steel,M20,55,Grade 151,Flange bolt M20 55mm
400369,U-bolt,ANSI,CE marked,Zinc-plated,BoltWorks Co.,ASME B18.2.44,Brass,M12,90,Grade A334,U-bolt M12 90mm
400370,Hex bolt,DIN,RoHS compliant,Black oxide,Nut & Bolt Solutions,ISO 4057,Steel,"3/4""",35,Grade 8,"Hex bolt 3/4"" 35mm"
400371,Carriage bolt,ANSI,CE marked,Galvanized,Titan Bolts,ASME B18.48,Stainless steel,M12,60,Grade 5,Carriage bolt M12 60mm
400372,Eye bolt,ISO,RoHS compliant,Stainless steel,FastenAll,DIN 974,Steel,M10,65,Grade 8,Eye bolt M10 65mm
400373,Flange bolt,DIN,RoHS compliant,Black oxide,Nut & Bolt Solutions,ISO 4205,Alloy steel,M16,50,Grade 5,Flange bolt M16 50mm
400374,U-bolt,ANSI,CE marked,Zinc-plated,BoltWorks Co.,ASME B18.2.44,Brass,"5/16""",70,Grade 10.36,"U-bolt 5/16"" 70mm"
400375,Eye bolt,ISO,RoHS compliant,Galvanized,Titan Bolts,DIN 975,Steel,"5/8""",35,Grade A334,"Eye bolt 5/8"" 35mm"
400376,Flange bolt,ASTM,RoHS compliant,Stainless steel,FastenAll,ASTM A369,Alloy steel,M10,45,Grade 154,Flange bolt M10 45mm
400377,U-bolt,ANSI,CE marked,Zinc-plated,BoltWorks Co.,ASME B18.2.45,Brass,M12,70,Grade 157,U-bolt M12 70mm
400378,Hex bolt,DIN,RoHS compliant,Black oxide,Nut & Bolt Solutions,ISO 4058,Steel,M20,60,Grade 10.36,Hex bolt M20 60mm
400379,Carriage bolt,ANSI,CE marked,Galvanized,Titan Bolts,ASME B18.49,Stainless steel,M12,80,Grade A334,Carriage bolt M12 80mm
400380,Eye bolt,ISO,RoHS compliant,Stainless steel,FastenAll,DIN 975,Steel,"3/4""",40,Grade 154,"Eye bolt 3/4"" 40mm"
400381,Flange bolt,DIN,RoHS compliant,Black oxide,Nut & Bolt Solutions,ISO 4206,Alloy steel,M12,55,Grade 157,Flange bolt M12 55mm
400382,U-bolt,ANSI,CE marked,Zinc-plated,BoltWorks Co.,ASME B18.2.45,Brass,M10,90,Grade A335,U-bolt M10 90mm
400383,Eye bolt,ISO,RoHS compliant,Galvanized,Titan Bolts,DIN 976,Steel,M16,35,Grade 8,Eye bolt M16 35mm
400384,Flange bolt,ASTM,RoHS compliant,Stainless steel,FastenAll,ASTM A370,Alloy steel,"5/16""",60,Grade 5,"Flange bolt 5/16"" 60mm"
400385,U-bolt,ANSI,CE marked,Zinc-plated,BoltWorks Co.,ASME B18.2.46,Brass,"5/8""",65,Grade 8,"U-bolt 5/8"" 65mm"
400386,Hex bolt,DIN,RoHS compliant,Black oxide,Nut & Bolt Solutions,ISO 4059,Steel,M10,50,Grade 5,Hex bolt M10 50mm
400387,Carriage bolt,ANSI,CE marked,Galvanized,Titan Bolts,ASME B18.50,Stainless steel,M12,70,Grade 10.37,Carriage bolt M12 70mm
400388,Eye bolt,ISO,RoHS compliant,Stainless steel,FastenAll,DIN 976,Steel,M20,35,Grade A335,Eye bolt M20 35mm
400389,Flange bolt,DIN,RoHS compliant,Black oxide,Nut & Bolt Solutions,ISO 4207,Alloy steel,M12,45,Grade 160,Flange bolt M12 45mm
400390,U-bolt,ANSI,CE marked,Zinc-plated,BoltWorks Co.,ASME B18.2.46,Brass,"3/4""",70,Grade 163,"U-bolt 3/4"" 70mm"
400391,Eye bolt,ISO,RoHS compliant,Galvanized,Titan Bolts,DIN 977,Steel,M12,60,Grade 10.37,Eye bolt M12 60mm
400392,Flange bolt,ASTM,RoHS compliant,Stainless steel,FastenAll,ASTM A371,Alloy steel,M10,80,Grade A335,Flange bolt M10 80mm
400393,U-bolt,ANSI,CE marked,Zinc-plated,BoltWorks Co.,ASME B18.2.47,Brass,M16,40,Grade 160,U-bolt M16 40mm
400394,Hex bolt,DIN,RoHS compliant,Black oxide,Nut & Bolt Solutions,ISO 4060,Steel,"5/16""",55,Grade 163,"Hex bolt 5/16"" 55mm"
400395,Carriage bolt,ANSI,CE marked,Galvanized,Titan Bolts,ASME B18.51,Stainless steel,"5/8""",90,Grade A336,"Carriage bolt 5/8"" 90mm"
400396,Eye bolt,ISO,RoHS compliant,Stainless steel,FastenAll,DIN 977,Steel,M10,35,Grade 8,Eye bolt M10 35mm
400397,Flange bolt,DIN,RoHS compliant,Black oxide,Nut & Bolt Solutions,ISO 4208,Alloy steel,M12,60,Grade 5,Flange bolt M12 60mm
400398,U-bolt,ANSI,CE marked,Zinc-plated,BoltWorks Co.,ASME B18.2.47,Brass,M20,65,Grade 8,U-bolt M20 65mm
400399,Eye bolt,ISO,RoHS compliant,Galvanized,Titan Bolts,DIN 978,Steel,M12,50,Grade 5,Eye bolt M12 50mm
400400,Flange bolt,ASTM,RoHS compliant,Stainless steel,FastenAll,ASTM A372,Alloy steel,"3/4""",70,Grade 10.38,"Flange bolt 3/4"" 70mm"
400401,U-bolt,ANSI,CE marked,Zinc-plated,BoltWorks Co.,ASME B18.2.48,Brass,M12,35,Grade A336,U-bolt M12 35mm
400402,Hex bolt,DIN,RoHS compliant,Black oxide,Nut & Bolt Solutions,ISO 4061,Steel,M10,45,Grade 166,Hex bolt M10 45mm
400403,Carriage bolt,ANSI,CE marked,Galvanized,Titan Bolts,ASME B18.52,Stainless steel,M16,70,Grade 169,Carriage bolt M16 70mm
400404,Eye bolt,ISO,RoHS compliant,Stainless steel,FastenAll,DIN 978,Steel,"5/16""",60,Grade 10.38,"Eye bolt 5/16"" 60mm"
400405,Flange bolt,DIN,RoHS compliant,Black oxide,Nut & Bolt Solutions,ISO 4209,Alloy steel,"5/8""",80,Grade A336,"Flange bolt 5/8"" 80mm"
400406,U-bolt,ANSI,CE marked,Zinc-plated,BoltWorks Co.,ASME B18.2.48,Brass,M10,40,Grade 166,U-bolt M10 40mm
400407,Eye bolt,ISO,RoHS compliant,Galvanized,Titan Bolts,DIN 979,Steel,M12,55,Grade 169,Eye bolt M12 55mm
400408,Flange bolt,ASTM,RoHS compliant,Stainless steel,FastenAll,ASTM A373,Alloy steel,M20,90,Grade A337,Flange bolt M20 90mm
400409,U-bolt,ANSI,CE marked,Zinc-plated,BoltWorks Co.,ASME B18.2.49,Brass,M12,35,Grade 8,U-bolt M12 35mm
400410,Hex bolt,DIN,RoHS compliant,Black oxide,Nut & Bolt Solutions,ISO 4062,Steel,"3/4""",60,Grade 5,"Hex bolt 3/4"" 60mm"
400411,Carriage bolt,ANSI,CE marked,Galvanized,Titan Bolts,ASME B18.53,Stainless steel,M12,65,Grade 8,Carriage bolt M12 65mm
400412,Eye bolt,ISO,RoHS compliant,Stainless steel,FastenAll,DIN 979,Steel,M10,50,Grade 5,Eye bolt M10 50mm
400413,Flange bolt,DIN,RoHS compliant,Black oxide,Nut & Bolt Solutions,ISO 4210,Alloy steel,M16,70,Grade 10.39,Flange bolt M16 70mm
400414,U-bolt,ANSI,CE marked,Zinc-plated,BoltWorks Co.,ASME B18.2.49,Brass,"5/16""",35,Grade A337,"U-bolt 5/16"" 35mm"
400415,Eye bolt,ISO,RoHS compliant,Galvanized,Titan Bolts,DIN 980,Steel,"5/8""",45,Grade 172,"Eye bolt 5/8"" 45mm"
400416,Flange bolt,ASTM,RoHS compliant,Stainless steel,FastenAll,ASTM A374,Alloy steel,M10,70,Grade 175,Flange bolt M10 70mm
400417,U-bolt,ANSI,CE marked,Zinc-plated,BoltWorks Co.,ASME B18.2.50,Brass,M12,60,Grade 10.39,U-bolt M12 60mm
400418,Hex bolt,DIN,RoHS compliant,Black oxide,Nut & Bolt Solutions,ISO 4063,Steel,M20,80,Grade A337,Hex bolt M20 80mm
400419,Carriage bolt,ANSI,CE marked,Galvanized,Titan Bolts,ASME B18.54,Stainless steel,M12,40,Grade 172,Carriage bolt M12 40mm
400420,Eye bolt,ISO,RoHS compliant,Stainless steel,FastenAll,DIN 980,Steel,"3/4""",55,Grade 175,"Eye bolt 3/4"" 55mm"
400421,Flange bolt,DIN,RoHS compliant,Black oxide,Nut & Bolt Solutions,ISO 4211,Alloy steel,M12,90,Grade A338,Flange bolt M12 90mm
400422,U-bolt,ANSI,CE marked,Zinc-plated,BoltWorks Co.,ASME B18.2.50,Brass,M10,35,Grade 8,U-bolt M10 35mm
400423,Eye bolt,ISO,RoHS compliant,Galvanized,Titan Bolts,DIN 981,Steel,M16,60,Grade 5,Eye bolt M16 60mm
400424,Flange bolt,ASTM,RoHS compliant,Stainless steel,FastenAll,ASTM A375,Alloy steel,"5/16""",65,Grade 8,"Flange bolt 5/16"" 65mm"
400425,U-bolt,ANSI,CE marked,Zinc-plated,BoltWorks Co.,ASME B18.2.51,Brass,"5/8""",50,Grade 5,"U-bolt 5/8"" 50mm"
400426,Hex bolt,DIN,RoHS compliant,Black oxide,Nut & Bolt Solutions,ISO 4064,Steel,M10,70,Grade 10.40,Hex bolt M10 70mm
400427,Carriage bolt,ANSI,CE marked,Galvanized,Titan Bolts,ASME B18.55,Stainless steel,M12,35,Grade A338,Carriage bolt M12 35mm
400428,Eye bolt,ISO,RoHS compliant,Stainless steel,FastenAll,DIN 981,Steel,M20,45,Grade 178,Eye bolt M20 45mm
400429,Flange bolt,DIN,RoHS compliant,Black oxide,Nut & Bolt Solutions,ISO 4212,Alloy steel,M12,70,Grade 181,Flange bolt M12 70mm
400430,U-bolt,ANSI,CE marked,Zinc-plated,BoltWorks Co.,ASME B18.2.51,Brass,"3/4""",60,Grade 10.40,"U-bolt 3/4"" 60mm"
400431,Eye bolt,ISO,RoHS compliant,Galvanized,Titan Bolts,DIN 982,Steel,M12,80,Grade A338,Eye bolt M12 80mm
400432,Flange bolt,ASTM,RoHS compliant,Stainless steel,FastenAll,ASTM A376,Alloy steel,M10,40,Grade 178,Flange bolt M10 40mm
400433,U-bolt,ANSI,CE marked,Zinc-plated,BoltWorks Co.,ASME B18.2.52,Brass,M16,55,Grade 181,U-bolt M16 55mm
400434,Hex bolt,DIN,RoHS compliant,Black oxide,Nut & Bolt Solutions,ISO 4065,Steel,"5/16""",90,Grade A339,"Hex bolt 5/16"" 90mm"
400435,Carriage bolt,ANSI,CE marked,Galvanized,Titan Bolts,ASME B18.56,Stainless steel,"5/8""",35,Grade 8,"Carriage bolt 5/8"" 35mm"
400436,Eye bolt,ISO,RoHS compliant,Stainless steel,FastenAll,DIN 982,Steel,M10,60,Grade 5,Eye bolt M10 60mm
400437,Flange bolt,DIN,RoHS compliant,Black oxide,Nut & Bolt Solutions,ISO 4213,Alloy steel,M12,65,Grade 8,Flange bolt M12 65mm
400438,U-bolt,ANSI,CE marked,Zinc-plated,BoltWorks Co.,ASME B18.2.52,Brass,M20,50,Grade 5,U-bolt M20 50mm
400439,Eye bolt,ISO,RoHS compliant,Galvanized,Titan Bolts,DIN 983,Steel,M12,70,Grade 10.41,Eye bolt M12 70mm
400440,Flange bolt,ASTM,RoHS compliant,Stainless steel,FastenAll,ASTM A377,Alloy steel,"3/4""",35,Grade A339,"Flange bolt 3/4"" 35mm"
400441,U-bolt,ANSI,CE marked,Zinc-plated,BoltWorks Co.,ASME B18.2.53,Brass,M12,45,Grade 184,U-bolt M12 45mm
400442,Hex bolt,DIN,RoHS compliant,Black oxide,Nut & Bolt Solutions,ISO 4066,Steel,M10,70,Grade 187,Hex bolt M10 70mm
400443,Carriage bolt,ANSI,CE marked,Galvanized,Titan Bolts,ASME B18.57,Stainless steel,M16,60,Grade 10.41,Carriage bolt M16 60mm
400444,Eye bolt,ISO,RoHS compliant,Stainless steel,FastenAll,DIN 983,Steel,"5/16""",80,Grade A339,"Eye bolt 5/16"" 80mm"
400445,Flange bolt,DIN,RoHS compliant,Black oxide,Nut & Bolt Solutions,ISO 4214,Alloy steel,"5/8""",40,Grade 184,"Flange bolt 5/8"" 40mm"
400446,U-bolt,ANSI,CE marked,Zinc-plated,BoltWorks Co.,ASME B18.2.53,Brass,M10,55,Grade 187,U-bolt M10 55mm
400447,Eye bolt,ISO,RoHS compliant,Galvanized,Titan Bolts,DIN 984,Steel,M12,90,Grade A340,Eye bolt M12 90mm
400448,Flange bolt,ASTM,RoHS compliant,Stainless steel,FastenAll,ASTM A378,Alloy steel,M20,35,Grade 8,Flange bolt M20 35mm
400449,U-bolt,ANSI,CE marked,Zinc-plated,BoltWorks Co.,ASME B18.2.54,Brass,M12,60,Grade 5,U-bolt M12 60mm
400450,Hex bolt,DIN,RoHS compliant,Black oxide,Nut & Bolt Solutions,ISO 4067,Steel,"3/4""",65,Grade 8,"Hex bolt 3/4"" 65mm"
400451,Carriage bolt,ANSI,CE marked,Galvanized,Titan Bolts,ASME B18.58,Stainless steel,M12,50,Grade 5,Carriage bolt M12 50mm
400452,Eye bolt,ISO,RoHS compliant,Stainless steel,FastenAll,DIN 984,Steel,M10,70,Grade 10.42,Eye bolt M10 70mm
400453,Flange bolt,DIN,RoHS compliant,Black oxide,Nut & Bolt Solutions,ISO 4215,Alloy steel,M16,35,Grade A340,Flange bolt M16 35mm
400454,U-bolt,ANSI,CE marked,Zinc-plated,BoltWorks Co.,ASME B18.2.54,Brass,"5/16""",45,Grade 190,"U-bolt 5/16"" 45mm"
400455,Eye bolt,ISO,RoHS compliant,Galvanized,Titan Bolts,DIN 985,Steel,"5/8""",70,Grade 193,"Eye bolt 5/8"" 70mm"
400456,Flange bolt,ASTM,RoHS compliant,Stainless steel,FastenAll,ASTM A379,Alloy steel,M10,60,Grade 10.42,Flange bolt M10 60mm
400457,U-bolt,ANSI,CE marked,Zinc-plated,BoltWorks Co.,ASME B18.2.55,Brass,M12,80,Grade A340,U-bolt M12 80mm
400458,Hex bolt,DIN,RoHS compliant,Black oxide,Nut & Bolt Solutions,ISO 4068,Steel,M20,40,Grade 190,Hex bolt M20 40mm
400459,Carriage bolt,ANSI,CE marked,Galvanized,Titan Bolts,ASME B18.59,Stainless steel,M12,55,Grade 193,Carriage bolt M12 55mm
400460,Eye bolt,ISO,RoHS compliant,Stainless steel,FastenAll,DIN 985,Steel,"3/4""",90,Grade A341,"Eye bolt 3/4"" 90mm"
400461,Flange bolt,DIN,RoHS compliant,Black oxide,Nut & Bolt Solutions,ISO 4216,Alloy steel,M12,35,Grade 8,Flange bolt M12 35mm
400462,U-bolt,ANSI,CE marked,Zinc-plated,BoltWorks Co.,ASME B18.2.55,Brass,M10,60,Grade 5,U-bolt M10 60mm
400463,Eye bolt,ISO,RoHS compliant,Galvanized,Titan Bolts,DIN 986,Steel,M16,65,Grade 8,Eye bolt M16 65mm
400464,Flange bolt,ASTM,RoHS compliant,Stainless steel,FastenAll,ASTM A380,Alloy steel,"5/16""",50,Grade 5,"Flange bolt 5/16"" 50mm"
400465,U-bolt,ANSI,CE marked,Zinc-plated,BoltWorks Co.,ASME B18.2.56,Brass,"5/8""",70,Grade 10.43,"U-bolt 5/8"" 70mm"
400466,Hex bolt,DIN,RoHS compliant,Black oxide,Nut & Bolt Solutions,ISO 4069,Steel,M10,35,Grade A341,Hex bolt M10 35mm
400467,Carriage bolt,ANSI,CE marked,Galvanized,Titan Bolts,ASME B18.60,Stainless steel,M12,45,Grade 196,Carriage bolt M12 45mm
400468,Eye bolt,ISO,RoHS compliant,Stainless steel,FastenAll,DIN 986,Steel,M20,70,Grade 199,Eye bolt M20 70mm
400469,Flange bolt,DIN,RoHS compliant,Black oxide,Nut & Bolt Solutions,ISO 4217,Alloy steel,M12,60,Grade 10.43,Flange bolt M12 60mm
400470,U-bolt,ANSI,CE marked,Zinc-plated,BoltWorks Co.,ASME B18.2.56,Brass,"3/4""",80,Grade A341,"U-bolt 3/4"" 80mm"
400471,Eye bolt,ISO,RoHS compliant,Galvanized,Titan Bolts,DIN 987,Steel,M12,40,Grade 196,Eye bolt M12 40mm
400472,Flange bolt,ASTM,RoHS compliant,Stainless steel,FastenAll,ASTM A381,Alloy steel,M10,55,Grade 199,Flange bolt M10 55mm
400473,U-bolt,ANSI,CE marked,Zinc-plated,BoltWorks Co.,ASME B18.2.57,Brass,M16,90,Grade A342,U-bolt M16 90mm
400474,Hex bolt,DIN,RoHS compliant,Black oxide,Nut & Bolt Solutions,ISO 4070,Steel,"5/16""",35,Grade 8,"Hex bolt 5/16"" 35mm"
400475,Carriage bolt,ANSI,CE marked,Galvanized,Titan Bolts,ASME B18.61,Stainless steel,"5/8""",60,Grade 5,"Carriage bolt 5/8"" 60mm"
400476,Eye bolt,ISO,RoHS compliant,Stainless steel,FastenAll,DIN 987,Steel,M10,65,Grade 8,Eye bolt M10 65mm
400477,Flange bolt,DIN,RoHS compliant,Black oxide,Nut & Bolt Solutions,ISO 4218,Alloy steel,M12,50,Grade 5,Flange bolt M12 50mm
400478,U-bolt,ANSI,CE marked,Zinc-plated,BoltWorks Co.,ASME B18.2.57,Brass,M20,70,Grade 10.44,U-bolt M20 70mm
400479,Eye bolt,ISO,RoHS compliant,Galvanized,Titan Bolts,DIN 988,Steel,M12,35,Grade A342,Eye bolt M12 35mm
400480,Flange bolt,ASTM,RoHS compliant,Stainless steel,FastenAll,ASTM A382,Alloy steel,"3/4""",45,Grade 202,"Flange bolt 3/4"" 45mm"
400481,U-bolt,ANSI,CE marked,Zinc-plated,BoltWorks Co.,ASME B18.2.58,Brass,M12,70,Grade 205,U-bolt M12 70mm
400482,Hex bolt,DIN,RoHS compliant,Black oxide,Nut & Bolt Solutions,ISO 4071,Steel,M10,60,Grade 10.44,Hex bolt M10 60mm
400483,Carriage bolt,ANSI,CE marked,Galvanized,Titan Bolts,ASME B18.62,Stainless steel,M16,80,Grade A342,Carriage bolt M16 80mm
400484,Eye bolt,ISO,RoHS compliant,Stainless steel,FastenAll,DIN 988,Steel,"5/16""",40,Grade 202,"Eye bolt 5/16"" 40mm"
400485,Flange bolt,DIN,RoHS compliant,Black oxide,Nut & Bolt Solutions,ISO 4219,Alloy steel,"5/8""",55,Grade 205,"Flange bolt 5/8"" 55mm"
400486,U-bolt,ANSI,CE marked,Zinc-plated,BoltWorks Co.,ASME B18.2.58,Brass,M10,90,Grade A343,U-bolt M10 90mm
400487,Eye bolt,ISO,RoHS compliant,Galvanized,Titan Bolts,DIN 989,Steel,M12,35,Grade 8,Eye bolt M12 35mm
400488,Flange bolt,ASTM,RoHS compliant,Stainless steel,FastenAll,ASTM A383,Alloy steel,M20,60,Grade 5,Flange bolt M20 60mm
400489,U-bolt,ANSI,CE marked,Zinc-plated,BoltWorks Co.,ASME B18.2.59,Brass,M12,65,Grade 8,U-bolt M12 65mm
400490,Hex bolt,DIN,RoHS compliant,Black oxide,Nut & Bolt Solutions,ISO 4072,Steel,"3/4""",50,Grade 5,"Hex bolt 3/4"" 50mm"
400491,Carriage bolt,ANSI,CE marked,Galvanized,Titan Bolts,ASME B18.63,Stainless steel,M12,70,Grade 10.45,Carriage bolt M12 70mm
400492,Eye bolt,ISO,RoHS compliant,Stainless steel,FastenAll,DIN 989,Steel,M10,35,Grade A343,Eye bolt M10 35mm
400493,Flange bolt,DIN,RoHS compliant,Black oxide,Nut & Bolt Solutions,ISO 4220,Alloy steel,M16,45,Grade 208,Flange bolt M16 45mm
400494,U-bolt,ANSI,CE marked,Zinc-plated,BoltWorks Co.,ASME B18.2.59,Brass,"5/16""",70,Grade 211,"U-bolt 5/16"" 70mm"
400495,Eye bolt,ISO,RoHS compliant,Galvanized,Titan Bolts,DIN 990,Steel,"5/8""",60,Grade 10.45,"Eye bolt 5/8"" 60mm"
400496,Flange bolt,ASTM,RoHS compliant,Stainless steel,FastenAll,ASTM A384,Alloy steel,M10,80,Grade A343,Flange bolt M10 80mm
400497,U-bolt,ANSI,CE marked,Zinc-plated,BoltWorks Co.,ASME B18.2.60,Brass,M12,40,Grade 208,U-bolt M12 40mm
400498,Hex bolt,DIN,RoHS compliant,Black oxide,Nut & Bolt Solutions,ISO 4073,Steel,M20,55,Grade 211,Hex bolt M20 55mm
400499,Carriage bolt,ANSI,CE marked,Galvanized,Titan Bolts,ASME B18.64,Stainless steel,M12,90,Grade A344,Carriage bolt M12 90mm
400500,Eye bolt,ISO,RoHS compliant,Stainless steel,FastenAll,DIN 990,Steel,"3/4""",35,Grade 8,"Eye bolt 3/4"" 35mm"
400501,Flange bolt,DIN,RoHS compliant,Black oxide,Nut & Bolt Solutions,ISO 4221,Alloy steel,M12,60,Grade 5,Flange bolt M12 60mm
400502,U-bolt,ANSI,CE marked,Zinc-plated,BoltWorks Co.,ASME B18.2.60,Brass,M10,65,Grade 8,U-bolt M10 65mm
400503,Eye bolt,ISO,RoHS compliant,Galvanized,Titan Bolts,DIN 991,Steel,M16,50,Grade 5,Eye bolt M16 50mm
400504,Flange bolt,ASTM,RoHS compliant,Stainless steel,FastenAll,ASTM A385,Alloy steel,"5/16""",70,Grade 10.46,"Flange bolt 5/16"" 70mm"
400505,U-bolt,ANSI,CE marked,Zinc-plated,BoltWorks Co.,ASME B18.2.61,Brass,"5/8""",35,Grade A344,"U-bolt 5/8"" 35mm"
400506,Hex bolt,DIN,RoHS compliant,Black oxide,Nut & Bolt Solutions,ISO 4074,Steel,M10,45,Grade 214,Hex bolt M10 45mm
400507,Carriage bolt,ANSI,CE marked,Galvanized,Titan Bolts,ASME B18.65,Stainless steel,M12,70,Grade 217,Carriage bolt M12 70mm
400508,Eye bolt,ISO,RoHS compliant,Stainless steel,FastenAll,DIN 991,Steel,M20,60,Grade 10.46,Eye bolt M20 60mm
400509,Flange bolt,DIN,RoHS compliant,Black oxide,Nut & Bolt Solutions,ISO 4222,Alloy steel,M12,80,Grade A344,Flange bolt M12 80mm
400510,U-bolt,ANSI,CE marked,Zinc-plated,BoltWorks Co.,ASME B18.2.61,Brass,"3/4""",40,Grade 214,"U-bolt 3/4"" 40mm"
400511,Eye bolt,ISO,RoHS compliant,Galvanized,Titan Bolts,DIN 992,Steel,M12,55,Grade 217,Eye bolt M12 55mm
400512,Flange bolt,ASTM,RoHS compliant,Stainless steel,FastenAll,ASTM A386,Alloy steel,M10,90,Grade A345,Flange bolt M10 90mm
400513,U-bolt,ANSI,CE marked,Zinc-plated,BoltWorks Co.,ASME B18.2.62,Brass,M16,35,Grade 8,U-bolt M16 35mm
400514,Hex bolt,DIN,RoHS compliant,Black oxide,Nut & Bolt Solutions,ISO 4075,Steel,"5/16""",60,Grade 5,"Hex bolt 5/16"" 60mm"
400515,Carriage bolt,ANSI,CE marked,Galvanized,Titan Bolts,ASME B18.66,Stainless steel,"5/8""",65,Grade 8,"Carriage bolt 5/8"" 65mm"
400516,Eye bolt,ISO,RoHS compliant,Stainless steel,FastenAll,DIN 992,Steel,M10,50,Grade 5,Eye bolt M10 50mm
400517,Flange bolt,DIN,RoHS compliant,Black oxide,Nut & Bolt Solutions,ISO 4223,Alloy steel,M12,70,Grade 10.47,Flange bolt M12 70mm
400518,U-bolt,ANSI,CE marked,Zinc-plated,BoltWorks Co.,ASME B18.2.62,Brass,M20,35,Grade A345,U-bolt M20 35mm
400519,Eye bolt,ISO,RoHS compliant,Galvanized,Titan Bolts,DIN 993,Steel,M12,45,Grade 220,Eye bolt M12 45mm
400520,Flange bolt,ASTM,RoHS compliant,Stainless steel,FastenAll,ASTM A387,Alloy steel,"3/4""",70,Grade 223,"Flange bolt 3/4"" 70mm"
400521,U-bolt,ANSI,CE marked,Zinc-plated,BoltWorks Co.,ASME B18.2.63,Brass,M12,60,Grade 10.47,U-bolt M12 60mm
400522,Hex bolt,DIN,RoHS compliant,Black oxide,Nut & Bolt Solutions,ISO 4076,Steel,M10,80,Grade A345,Hex bolt M10 80mm
400523,Carriage bolt,ANSI,CE marked,Galvanized,Titan Bolts,ASME B18.67,Stainless steel,M16,40,Grade 220,Carriage bolt M16 40mm
400524,Eye bolt,ISO,RoHS compliant,Stainless steel,FastenAll,DIN 993,Steel,"5/16""",55,Grade 223,"Eye bolt 5/16"" 55mm"
400525,Flange bolt,DIN,RoHS compliant,Black oxide,Nut & Bolt Solutions,ISO 4224,Alloy steel,"5/8""",90,Grade A346,"Flange bolt 5/8"" 90mm"
400526,U-bolt,ANSI,CE marked,Zinc-plated,BoltWorks Co.,ASME B18.2.63,Brass,M10,35,Grade 8,U-bolt M10 35mm
400527,Eye bolt,ISO,RoHS compliant,Galvanized,Titan Bolts,DIN 994,Steel,M12,60,Grade 5,Eye bolt M12 60mm
400528,Flange bolt,ASTM,RoHS compliant,Stainless steel,FastenAll,ASTM A388,Alloy steel,M20,65,Grade 8,Flange bolt M20 65mm
400529,U-bolt,ANSI,CE marked,Zinc-plated,BoltWorks Co.,ASME B18.2.64,Brass,M12,50,Grade 5,U-bolt M12 50mm
400530,Hex bolt,DIN,RoHS compliant,Black oxide,Nut & Bolt Solutions,ISO 4077,Steel,"3/4""",70,Grade 10.48,"Hex bolt 3/4"" 70mm"
400531,Carriage bolt,ANSI,CE marked,Galvanized,Titan Bolts,ASME B18.68,Stainless steel,M12,35,Grade A346,Carriage bolt M12 35mm
400532,Eye bolt,ISO,RoHS compliant,Stainless steel,FastenAll,DIN 994,Steel,M10,45,Grade 226,Eye bolt M10 45mm
400533,Flange bolt,DIN,RoHS compliant,Black oxide,Nut & Bolt Solutions,ISO 4225,Alloy steel,M16,70,Grade 229,Flange bolt M16 70mm
400534,U-bolt,ANSI,CE marked,Zinc-plated,BoltWorks Co.,ASME B18.2.64,Brass,"5/16""",60,Grade 10.48,"U-bolt 5/16"" 60mm"
400535,Eye bolt,ISO,RoHS compliant,Galvanized,Titan Bolts,DIN 995,Steel,"5/8""",80,Grade A346,"Eye bolt 5/8"" 80mm"
400536,Flange bolt,ASTM,RoHS compliant,Stainless steel,FastenAll,ASTM A389,Alloy steel,M10,40,Grade 226,Flange bolt M10 40mm
400537,U-bolt,ANSI,CE marked,Zinc-plated,BoltWorks Co.,ASME B18.2.65,Brass,M12,55,Grade 229,U-bolt M12 55mm
400538,Hex bolt,DIN,RoHS compliant,Black oxide,Nut & Bolt Solutions,ISO 4078,Steel,M20,90,Grade A347,Hex bolt M20 90mm
400539,Carriage bolt,ANSI,CE marked,Galvanized,Titan Bolts,ASME B18.69,Stainless steel,M12,35,Grade 8,Carriage bolt M12 35mm
400540,Eye bolt,ISO,RoHS compliant,Stainless steel,FastenAll,DIN 995,Steel,"3/4""",60,Grade 5,"Eye bolt 3/4"" 60mm"
400541,Flange bolt,DIN,RoHS compliant,Black oxide,Nut & Bolt Solutions,ISO 4226,Alloy steel,M12,65,Grade 8,Flange bolt M12 65mm
400542,U-bolt,ANSI,CE marked,Zinc-plated,BoltWorks Co.,ASME B18.2.65,Brass,M10,50,Grade 5,U-bolt M10 50mm
400543,Eye bolt,ISO,RoHS compliant,Galvanized,Titan Bolts,DIN 996,Steel,M16,70,Grade 10.49,Eye bolt M16 70mm
400544,Flange bolt,ASTM,RoHS compliant,Stainless steel,FastenAll,ASTM A390,Alloy steel,"5/16""",35,Grade A347,"Flange bolt 5/16"" 35mm"
400545,U-bolt,ANSI,CE marked,Zinc-plated,BoltWorks Co.,ASME B18.2.66,Brass,"5/8""",45,Grade 232,"U-bolt 5/8"" 45mm"
400546,Hex bolt,DIN,RoHS compliant,Black oxide,Nut & Bolt Solutions,ISO 4079,Steel,M10,70,Grade 235,Hex bolt M10 70mm
400547,Carriage bolt,ANSI,CE marked,Galvanized,Titan Bolts,ASME B18.70,Stainless steel,M12,60,Grade 10.49,Carriage bolt M12 60mm
400548,Eye bolt,ISO,RoHS compliant,Stainless steel,FastenAll,DIN 996,Steel,M20,80,Grade A347,Eye bolt M20 80mm
400549,Flange bolt,DIN,RoHS compliant,Black oxide,Nut & Bolt Solutions,ISO 4227,Alloy steel,M12,40,Grade 232,Flange bolt M12 40mm
400550,U-bolt,ANSI,CE marked,Zinc-plated,BoltWorks Co.,ASME B18.2.66,Brass,"3/4""",55,Grade 235,"U-bolt 3/4"" 55mm"
400551,Eye bolt,ISO,RoHS compliant,Galvanized,Titan Bolts,DIN 997,Steel,M12,90,Grade A348,Eye bolt M12 90mm
400552,Flange bolt,ASTM,RoHS compliant,Stainless steel,FastenAll,ASTM A391,Alloy steel,M10,35,Grade 8,Flange bolt M10 35mm
400553,U-bolt,ANSI,CE marked,Zinc-plated,BoltWorks Co.,ASME B18.2.67,Brass,M16,60,Grade 5,U-bolt M16 60mm
400554,Hex bolt,DIN,RoHS compliant,Black oxide,Nut & Bolt Solutions,ISO 4080,Steel,"5/16""",65,Grade 8,"Hex bolt 5/16"" 65mm"
400555,Carriage bolt,ANSI,CE marked,Galvanized,Titan Bolts,ASME B18.71,Stainless steel,"5/8""",50,Grade 5,"Carriage bolt 5/8"" 50mm"
400556,Eye bolt,ISO,RoHS compliant,Stainless steel,FastenAll,DIN 997,Steel,M10,70,Grade 10.50,Eye bolt M10 70mm
400557,Flange bolt,DIN,RoHS compliant,Black oxide,Nut & Bolt Solutions,ISO 4228,Alloy steel,M12,35,Grade A348,Flange bolt M12 35mm
400558,U-bolt,ANSI,CE marked,Zinc-plated,BoltWorks Co.,ASME B18.2.67,Brass,M20,45,Grade 238,U-bolt M20 45mm
400559,Eye bolt,ISO,RoHS compliant,Galvanized,Titan Bolts,DIN 998,Steel,M12,70,Grade 241,Eye bolt M12 70mm
400560,Flange bolt,ASTM,RoHS compliant,Stainless steel,FastenAll,ASTM A392,Alloy steel,"3/4""",60,Grade 10.50,"Flange bolt 3/4"" 60mm"
400561,U-bolt,ANSI,CE marked,Zinc-plated,BoltWorks Co.,ASME B18.2.68,Brass,M12,80,Grade A348,U-bolt M12 80mm
400562,Hex bolt,DIN,RoHS compliant,Black oxide,Nut & Bolt Solutions,ISO 4081,Steel,M10,40,Grade 238,Hex bolt M10 40mm
400563,Carriage bolt,ANSI,CE marked,Galvanized,Titan Bolts,ASME B18.72,Stainless steel,M16,55,Grade 241,Carriage bolt M16 55mm
400564,Eye bolt,ISO,RoHS compliant,Stainless steel,FastenAll,DIN 998,Steel,"5/16""",90,Grade A349,"Eye bolt 5/16"" 90mm"
400565,Flange bolt,DIN,RoHS compliant,Black oxide,Nut & Bolt Solutions,ISO 4229,Alloy steel,"5/8""",35,Grade 8,"Flange bolt 5/8"" 35mm"
400566,U-bolt,ANSI,CE marked,Zinc-plated,BoltWorks Co.,ASME B18.2.68,Brass,M10,60,Grade 5,U-bolt M10 60mm
400567,Eye bolt,ISO,RoHS compliant,Galvanized,Titan Bolts,DIN 999,Steel,M12,65,Grade 8,Eye bolt M12 65mm
400568,Flange bolt,ASTM,RoHS compliant,Stainless steel,FastenAll,ASTM A393,Alloy steel,M20,50,Grade 5,Flange bolt M20 50mm
400569,U-bolt,ANSI,CE marked,Zinc-plated,BoltWorks Co.,ASME B18.2.69,Brass,M12,70,Grade 10.51,U-bolt M12 70mm
400570,Hex bolt,DIN,RoHS compliant,Black oxide,Nut & Bolt Solutions,ISO 4082,Steel,"3/4""",35,Grade A349,"Hex bolt 3/4"" 35mm"
400571,Carriage bolt,ANSI,CE marked,Galvanized,Titan Bolts,ASME B18.73,Stainless steel,M12,45,Grade 244,Carriage bolt M12 45mm
400572,Eye bolt,ISO,RoHS compliant,Stainless steel,FastenAll,DIN 999,Steel,M10,70,Grade 247,Eye bolt M10 70mm
400573,Flange bolt,DIN,RoHS compliant,Black oxide,Nut & Bolt Solutions,ISO 4230,Alloy steel,M16,60,Grade 10.51,Flange bolt M16 60mm
400574,U-bolt,ANSI,CE marked,Zinc-plated,BoltWorks Co.,ASME B18.2.69,Brass,"5/16""",80,Grade A349,"U-bolt 5/16"" 80mm"
400575,Eye bolt,ISO,RoHS compliant,Galvanized,Titan Bolts,DIN 1000,Steel,"5/8""",40,Grade 244,"Eye bolt 5/8"" 40mm"
400576,Flange bolt,ASTM,RoHS compliant,Stainless steel,FastenAll,ASTM A394,Alloy steel,M10,55,Grade 247,Flange bolt M10 55mm
400577,U-bolt,ANSI,CE marked,Zinc-plated,BoltWorks Co.,ASME B18.2.70,Brass,M12,90,Grade A350,U-bolt M12 90mm
400578,Hex bolt,DIN,RoHS compliant,Black oxide,Nut & Bolt Solutions,ISO 4083,Steel,M20,35,Grade 8,Hex bolt M20 35mm
400579,Carriage bolt,ANSI,CE marked,Galvanized,Titan Bolts,ASME B18.74,Stainless steel,M12,60,Grade 5,Carriage bolt M12 60mm
400580,Eye bolt,ISO,RoHS compliant,Stainless steel,FastenAll,DIN 1000,Steel,"3/4""",65,Grade 8,"Eye bolt 3/4"" 65mm"
400581,Flange bolt,DIN,RoHS compliant,Black oxide,Nut & Bolt Solutions,ISO 4231,Alloy steel,M12,50,Grade 5,Flange bolt M12 50mm
400582,U-bolt,ANSI,CE marked,Zinc-plated,BoltWorks Co.,ASME B18.2.70,Brass,M10,70,Grade 10.52,U-bolt M10 70mm
400583,Eye bolt,ISO,RoHS compliant,Galvanized,Titan Bolts,DIN 1001,Steel,M16,35,Grade A350,Eye bolt M16 35mm
400584,Flange bolt,ASTM,RoHS compliant,Stainless steel,FastenAll,ASTM A395,Alloy steel,"5/16""",45,Grade 250,"Flange bolt 5/16"" 45mm"
400585,U-bolt,ANSI,CE marked,Zinc-plated,BoltWorks Co.,ASME B18.2.71,Brass,"5/8""",70,Grade 253,"U-bolt 5/8"" 70mm"
400586,Hex bolt,DIN,RoHS compliant,Black oxide,Nut & Bolt Solutions,ISO 4084,Steel,M10,60,Grade 10.52,Hex bolt M10 60mm
400587,Carriage bolt,ANSI,CE marked,Galvanized,Titan Bolts,ASME B18.75,Stainless steel,M12,80,Grade A350,Carriage bolt M12 80mm
400588,Eye bolt,ISO,RoHS compliant,Stainless steel,FastenAll,DIN 1001,Steel,M20,40,Grade 250,Eye bolt M20 40mm
400589,Flange bolt,DIN,RoHS compliant,Black oxide,Nut & Bolt Solutions,ISO 4232,Alloy steel,M12,55,Grade 253,Flange bolt M12 55mm
400590,U-bolt,ANSI,CE marked,Zinc-plated,BoltWorks Co.,ASME B18.2.71,Brass,"3/4""",90,Grade A351,"U-bolt 3/4"" 90mm"
400591,Eye bolt,ISO,RoHS compliant,Galvanized,Titan Bolts,DIN 1002,Steel,M12,35,Grade 8,Eye bolt M12 35mm
400592,Flange bolt,ASTM,RoHS compliant,Stainless steel,FastenAll,ASTM A396,Alloy steel,M10,60,Grade 5,Flange bolt M10 60mm
400593,U-bolt,ANSI,CE marked,Zinc-plated,BoltWorks Co.,ASME B18.2.72,Brass,M16,65,Grade 8,U-bolt M16 65mm
400594,Hex bolt,DIN,RoHS compliant,Black oxide,Nut & Bolt Solutions,ISO 4085,Steel,"5/16""",50,Grade 5,"Hex bolt 5/16"" 50mm"
400595,Carriage bolt,ANSI,CE marked,Galvanized,Titan Bolts,ASME B18.76,Stainless steel,"5/8""",70,Grade 10.53,"Carriage bolt 5/8"" 70mm"
400596,Eye bolt,ISO,RoHS compliant,Stainless steel,FastenAll,DIN 1002,Steel,M10,35,Grade A351,Eye bolt M10 35mm
400597,Flange bolt,DIN,RoHS compliant,Black oxide,Nut & Bolt Solutions,ISO 4233,Alloy steel,M12,45,Grade 256,Flange bolt M12 45mm
400598,U-bolt,ANSI,CE marked,Zinc-plated,BoltWorks Co.,ASME B18.2.72,Brass,M20,70,Grade 259,U-bolt M20 70mm
400599,Eye bolt,ISO,RoHS compliant,Galvanized,Titan Bolts,DIN 1003,Steel,M12,60,Grade 10.53,Eye bolt M12 60mm
400600,Flange bolt,ASTM,RoHS compliant,Stainless steel,FastenAll,ASTM A397,Alloy steel,"3/4""",80,Grade A351,"Flange bolt 3/4"" 80mm"
400601,U-bolt,ANSI,CE marked,Zinc-plated,BoltWorks Co.,ASME B18.2.73,Brass,M12,40,Grade 256,U-bolt M12 40mm
400602,Hex bolt,DIN,RoHS compliant,Black oxide,Nut & Bolt Solutions,ISO 4086,Steel,M10,55,Grade 259,Hex bolt M10 55mm
400603,Carriage bolt,ANSI,CE marked,Galvanized,Titan Bolts,ASME B18.77,Stainless steel,M16,90,Grade A352,Carriage bolt M16 90mm
400604,Eye bolt,ISO,RoHS compliant,Stainless steel,FastenAll,DIN 1003,Steel,"5/16""",35,Grade 8,"Eye bolt 5/16"" 35mm"
400605,Flange bolt,DIN,RoHS compliant,Black oxide,Nut & Bolt Solutions,ISO 4234,Alloy steel,"5/8""",60,Grade 5,"Flange bolt 5/8"" 60mm"
400606,U-bolt,ANSI,CE marked,Zinc-plated,BoltWorks Co.,ASME B18.2.73,Brass,M10,65,Grade 8,U-bolt M10 65mm
400607,Eye bolt,ISO,RoHS compliant,Galvanized,Titan Bolts,DIN 1004,Steel,M12,50,Grade 5,Eye bolt M12 50mm
400608,Flange bolt,ASTM,RoHS compliant,Stainless steel,FastenAll,ASTM A398,Alloy steel,M20,70,Grade 10.54,Flange bolt M20 70mm
400609,U-bolt,ANSI,CE marked,Zinc-plated,BoltWorks Co.,ASME B18.2.74,Brass,M12,35,Grade A352,U-bolt M12 35mm
400610,Hex bolt,DIN,RoHS compliant,Black oxide,Nut & Bolt Solutions,ISO 4087,Steel,"3/4""",45,Grade 262,"Hex bolt 3/4"" 45mm"
400611,Carriage bolt,ANSI,CE marked,Galvanized,Titan Bolts,ASME B18.78,Stainless steel,M12,70,Grade 265,Carriage bolt M12 70mm
400612,Eye bolt,ISO,RoHS compliant,Stainless steel,FastenAll,DIN 1004,Steel,M10,60,Grade 10.54,Eye bolt M10 60mm
400613,Flange bolt,DIN,RoHS compliant,Black oxide,Nut & Bolt Solutions,ISO 4235,Alloy steel,M16,80,Grade A352,Flange bolt M16 80mm
400614,U-bolt,ANSI,CE marked,Zinc-plated,BoltWorks Co.,ASME B18.2.74,Brass,"5/16""",40,Grade 262,"U-bolt 5/16"" 40mm"
400615,Eye bolt,ISO,RoHS compliant,Galvanized,Titan Bolts,DIN 1005,Steel,"5/8""",55,Grade 265,"Eye bolt 5/8"" 55mm"
400616,Flange bolt,ASTM,RoHS compliant,Stainless steel,FastenAll,ASTM A399,Alloy steel,M10,90,Grade A353,Flange bolt M10 90mm
400617,U-bolt,ANSI,CE marked,Zinc-plated,BoltWorks Co.,ASME B18.2.75,Brass,M12,35,Grade 8,U-bolt M12 35mm
400618,Hex bolt,DIN,RoHS compliant,Black oxide,Nut & Bolt Solutions,ISO 4088,Steel,M20,60,Grade 5,Hex bolt M20 60mm
400619,Carriage bolt,ANSI,CE marked,Galvanized,Titan Bolts,ASME B18.79,Stainless steel,M12,65,Grade 8,Carriage bolt M12 65mm
400620,Eye bolt,ISO,RoHS compliant,Stainless steel,FastenAll,DIN 1005,Steel,"3/4""",50,Grade 5,"Eye bolt 3/4"" 50mm"
400621,Flange bolt,DIN,RoHS compliant,Black oxide,Nut & Bolt Solutions,ISO 4236,Alloy steel,M12,70,Grade 10.55,Flange bolt M12 70mm
400622,U-bolt,ANSI,CE marked,Zinc-plated,BoltWorks Co.,ASME B18.2.75,Brass,M10,35,Grade A353,U-bolt M10 35mm
400623,Eye bolt,ISO,RoHS compliant,Galvanized,Titan Bolts,DIN 1006,Steel,M16,45,Grade 268,Eye bolt M16 45mm
400624,Flange bolt,ASTM,RoHS compliant,Stainless steel,FastenAll,ASTM A400,Alloy steel,"5/16""",70,Grade 271,"Flange bolt 5/16"" 70mm"
400625,U-bolt,ANSI,CE marked,Zinc-plated,BoltWorks Co.,ASME B18.2.76,Brass,"5/8""",60,Grade 10.55,"U-bolt 5/8"" 60mm"
400626,Hex bolt,DIN,RoHS compliant,Black oxide,Nut & Bolt Solutions,ISO 4089,Steel,M10,80,Grade A353,Hex bolt M10 80mm
400627,Carriage bolt,ANSI,CE marked,Galvanized,Titan Bolts,ASME B18.80,Stainless steel,M12,40,Grade 268,Carriage bolt M12 40mm
400628,Eye bolt,ISO,RoHS compliant,Stainless steel,FastenAll,DIN 1006,Steel,M20,55,Grade 271,Eye bolt M20 55mm
400629,Flange bolt,DIN,RoHS compliant,Black oxide,Nut & Bolt Solutions,ISO 4237,Alloy steel,M12,90,Grade A354,Flange bolt M12 90mm
400630,U-bolt,ANSI,CE marked,Zinc-plated,BoltWorks Co.,ASME B18.2.76,Brass,"3/4""",35,Grade 8,"U-bolt 3/4"" 35mm"
400631,Eye bolt,ISO,RoHS compliant,Galvanized,Titan Bolts,DIN 1007,Steel,M12,60,Grade 5,Eye bolt M12 60mm
400632,Flange bolt,ASTM,RoHS compliant,Stainless steel,FastenAll,ASTM A401,Alloy steel,M10,65,Grade 8,Flange bolt M10 65mm
400633,U-bolt,ANSI,CE marked,Zinc-plated,BoltWorks Co.,ASME B18.2.77,Brass,M16,50,Grade 5,U-bolt M16 50mm
400634,Hex bolt,DIN,RoHS compliant,Black oxide,Nut & Bolt Solutions,ISO 4090,Steel,"5/16""",70,Grade 10.56,"Hex bolt 5/16"" 70mm"
400635,Carriage bolt,ANSI,CE marked,Galvanized,Titan Bolts,ASME B18.81,Stainless steel,"5/8""",35,Grade A354,"Carriage bolt 5/8"" 35mm"
400636,Eye bolt,ISO,RoHS compliant,Stainless steel,FastenAll,DIN 1007,Steel,M10,45,Grade 274,Eye bolt M10 45mm
400637,Flange bolt,DIN,RoHS compliant,Black oxide,Nut & Bolt Solutions,ISO 4238,Alloy steel,M12,70,Grade 277,Flange bolt M12 70mm
400638,U-bolt,ANSI,CE marked,Zinc-plated,BoltWorks Co.,ASME B18.2.77,Brass,M20,60,Grade 10.56,U-bolt M20 60mm
400639,Eye bolt,ISO,RoHS compliant,Galvanized,Titan Bolts,DIN 1008,Steel,M12,80,Grade A354,Eye bolt M12 80mm
400640,Flange bolt,ASTM,RoHS compliant,Stainless steel,FastenAll,ASTM A402,Alloy steel,"3/4""",40,Grade 274,"Flange bolt 3/4"" 40mm"
400641,U-bolt,ANSI,CE marked,Zinc-plated,BoltWorks Co.,ASME B18.2.78,Brass,M12,55,Grade 277,U-bolt M12 55mm
400642,Hex bolt,DIN,RoHS compliant,Black oxide,Nut & Bolt Solutions,ISO 4091,Steel,M10,90,Grade A355,Hex bolt M10 90mm
400643,Carriage bolt,ANSI,CE marked,Galvanized,Titan Bolts,ASME B18.82,Stainless steel,M16,35,Grade 8,Carriage bolt M16 35mm
400644,Eye bolt,ISO,RoHS compliant,Stainless steel,FastenAll,DIN 1008,Steel,"5/16""",60,Grade 5,"Eye bolt 5/16"" 60mm"
400645,Flange bolt,DIN,RoHS compliant,Black oxide,Nut & Bolt Solutions,ISO 4239,Alloy steel,"5/8""",65,Grade 8,"Flange bolt 5/8"" 65mm"
400646,U-bolt,ANSI,CE marked,Zinc-plated,BoltWorks Co.,ASME B18.2.78,Brass,M10,50,Grade 5,U-bolt M10 50mm
400647,Eye bolt,ISO,RoHS compliant,Galvanized,Titan Bolts,DIN 1009,Steel,M12,70,Grade 10.57,Eye bolt M12 70mm
400648,Flange bolt,ASTM,RoHS compliant,Stainless steel,FastenAll,ASTM A403,Alloy steel,M20,35,Grade A355,Flange bolt M20 35mm
400649,U-bolt,ANSI,CE marked,Zinc-plated,BoltWorks Co.,ASME B18.2.79,Brass,M12,45,Grade 280,U-bolt M12 45mm
400650,Hex bolt,DIN,RoHS compliant,Black oxide,Nut & Bolt Solutions,ISO 4092,Steel,"3/4""",70,Grade 283,"Hex bolt 3/4"" 70mm"
400651,Carriage bolt,ANSI,CE marked,Galvanized,Titan Bolts,ASME B18.83,Stainless steel,M12,60,Grade 10.57,Carriage bolt M12 60mm
400652,Eye bolt,ISO,RoHS compliant,Stainless steel,FastenAll,DIN 1009,Steel,M10,80,Grade A355,Eye bolt M10 80mm
400653,Flange bolt,DIN,RoHS compliant,Black oxide,Nut & Bolt Solutions,ISO 4240,Alloy steel,M16,40,Grade 280,Flange bolt M16 40mm
400654,U-bolt,ANSI,CE marked,Zinc-plated,BoltWorks Co.,ASME B18.2.79,Brass,"5/16""",55,Grade 283,"U-bolt 5/16"" 55mm"
400655,Eye bolt,ISO,RoHS compliant,Galvanized,Titan Bolts,DIN 1010,Steel,"5/8""",90,Grade A356,"Eye bolt 5/8"" 90mm"
400656,Flange bolt,ASTM,RoHS compliant,Stainless steel,FastenAll,ASTM A404,Alloy steel,M10,35,Grade 8,Flange bolt M10 35mm
400657,U-bolt,ANSI,CE marked,Zinc-plated,BoltWorks Co.,ASME B18.2.80,Brass,M12,60,Grade 5,U-bolt M12 60mm
400658,Hex bolt,DIN,RoHS compliant,Black oxide,Nut & Bolt Solutions,ISO 4093,Steel,M20,65,Grade 8,Hex bolt M20 65mm
400659,Carriage bolt,ANSI,CE marked,Galvanized,Titan Bolts,ASME B18.84,Stainless steel,M12,50,Grade 5,Carriage bolt M12 50mm
400660,Eye bolt,ISO,RoHS compliant,Stainless steel,FastenAll,DIN 1010,Steel,"3/4""",70,Grade 10.58,"Eye bolt 3/4"" 70mm"
400661,Flange bolt,DIN,RoHS compliant,Black oxide,Nut & Bolt Solutions,ISO 4241,Alloy steel,M12,35,Grade A356,Flange bolt M12 35mm
400662,U-bolt,ANSI,CE marked,Zinc-plated,BoltWorks Co.,ASME B18.2.80,Brass,M10,45,Grade 286,U-bolt M10 45mm
400663,Eye bolt,ISO,RoHS compliant,Galvanized,Titan Bolts,DIN 1011,Steel,M16,70,Grade 289,Eye bolt M16 70mm
400664,Flange bolt,ASTM,RoHS compliant,Stainless steel,FastenAll,ASTM A405,Alloy steel,"5/16""",60,Grade 10.58,"Flange bolt 5/16"" 60mm"
400665,U-bolt,ANSI,CE marked,Zinc-plated,BoltWorks Co.,ASME B18.2.81,Brass,"5/8""",80,Grade A356,"U-bolt 5/8"" 80mm"
400666,Hex bolt,DIN,RoHS compliant,Black oxide,Nut & Bolt Solutions,ISO 4094,Steel,M10,40,Grade 286,Hex bolt M10 40mm
400667,Carriage bolt,ANSI,CE marked,Galvanized,Titan Bolts,ASME B18.85,Stainless steel,M12,55,Grade 289,Carriage bolt M12 55mm
400668,Eye bolt,ISO,RoHS compliant,Stainless steel,FastenAll,DIN 1011,Steel,M20,90,Grade A357,Eye bolt M20 90mm
400669,Flange bolt,DIN,RoHS compliant,Black oxide,Nut & Bolt Solutions,ISO 4242,Alloy steel,M12,35,Grade 8,Flange bolt M12 35mm
400670,U-bolt,ANSI,CE marked,Zinc-plated,BoltWorks Co.,ASME B18.2.81,Brass,"3/4""",60,Grade 5,"U-bolt 3/4"" 60mm"
400671,Eye bolt,ISO,RoHS compliant,Galvanized,Titan Bolts,DIN 1012,Steel,M12,65,Grade 8,Eye bolt M12 65mm
400672,Flange bolt,ASTM,RoHS compliant,Stainless steel,FastenAll,ASTM A406,Alloy steel,M10,50,Grade 5,Flange bolt M10 50mm
400673,U-bolt,ANSI,CE marked,Zinc-plated,BoltWorks Co.,ASME B18.2.82,Brass,M16,70,Grade 10.59,U-bolt M16 70mm
400674,Hex bolt,DIN,RoHS compliant,Black oxide,Nut & Bolt Solutions,ISO 4095,Steel,"5/16""",35,Grade A357,"Hex bolt 5/16"" 35mm"
400675,Carriage bolt,ANSI,CE marked,Galvanized,Titan Bolts,ASME B18.86,Stainless steel,"5/8""",45,Grade 292,"Carriage bolt 5/8"" 45mm"
400676,Eye bolt,ISO,RoHS compliant,Stainless steel,FastenAll,DIN 1012,Steel,M10,70,Grade 295,Eye bolt M10 70mm
400677,Flange bolt,DIN,RoHS compliant,Black oxide,Nut & Bolt Solutions,ISO 4243,Alloy steel,M12,60,Grade 10.59,Flange bolt M12 60mm
400678,U-bolt,ANSI,CE marked,Zinc-plated,BoltWorks Co.,ASME B18.2.82,Brass,M20,80,Grade A357,U-bolt M20 80mm
400679,Eye bolt,ISO,RoHS compliant,Galvanized,Titan Bolts,DIN 1013,Steel,M12,40,Grade 292,Eye bolt M12 40mm
400680,Flange bolt,ASTM,RoHS compliant,Stainless steel,FastenAll,ASTM A407,Alloy steel,"3/4""",55,Grade 295,"Flange bolt 3/4"" 55mm"
400681,U-bolt,ANSI,CE marked,Zinc-plated,BoltWorks Co.,ASME B18.2.83,Brass,M12,90,Grade A358,U-bolt M12 90mm
400682,Hex bolt,DIN,RoHS compliant,Black oxide,Nut & Bolt Solutions,ISO 4096,Steel,M10,35,Grade 8,Hex bolt M10 35mm
400683,Carriage bolt,ANSI,CE marked,Galvanized,Titan Bolts,ASME B18.87,Stainless steel,M16,60,Grade 5,Carriage bolt M16 60mm
400684,Eye bolt,ISO,RoHS compliant,Stainless steel,FastenAll,DIN 1013,Steel,"5/16""",65,Grade 8,"Eye bolt 5/16"" 65mm"
400685,Flange bolt,DIN,RoHS compliant,Black oxide,Nut & Bolt Solutions,ISO 4244,Alloy steel,"5/8""",50,Grade 5,"Flange bolt 5/8"" 50mm"
400686,U-bolt,ANSI,CE marked,Zinc-plated,BoltWorks Co.,ASME B18.2.83,Brass,M10,70,Grade 10.60,U-bolt M10 70mm
400687,Eye bolt,ISO,RoHS compliant,Galvanized,Titan Bolts,DIN 1014,Steel,M12,35,Grade A358,Eye bolt M12 35mm
400688,Flange bolt,ASTM,RoHS compliant,Stainless steel,FastenAll,ASTM A408,Alloy steel,M20,45,Grade 298,Flange bolt M20 45mm
400689,U-bolt,ANSI,CE marked,Zinc-plated,BoltWorks Co.,ASME B18.2.84,Brass,M12,70,Grade 301,U-bolt M12 70mm
400690,Hex bolt,DIN,RoHS compliant,Black oxide,Nut & Bolt Solutions,ISO 4097,Steel,"3/4""",60,Grade 10.60,"Hex bolt 3/4"" 60mm"
400691,Carriage bolt,ANSI,CE marked,Galvanized,Titan Bolts,ASME B18.88,Stainless steel,M12,80,Grade A358,Carriage bolt M12 80mm
400692,Eye bolt,ISO,RoHS compliant,Stainless steel,FastenAll,DIN 1014,Steel,M10,40,Grade 298,Eye bolt M10 40mm
400693,Flange bolt,DIN,RoHS compliant,Black oxide,Nut & Bolt Solutions,ISO 4245,Alloy steel,M16,55,Grade 301,Flange bolt M16 55mm
400694,U-bolt,ANSI,CE marked,Zinc-plated,BoltWorks Co.,ASME B18.2.84,Brass,"5/16""",90,Grade A359,"U-bolt 5/16"" 90mm"
400695,Eye bolt,ISO,RoHS compliant,Galvanized,Titan Bolts,DIN 1015,Steel,"5/8""",35,Grade 8,"Eye bolt 5/8"" 35mm"
400696,Flange bolt,ASTM,RoHS compliant,Stainless steel,FastenAll,ASTM A409,Alloy steel,M10,60,Grade 5,Flange bolt M10 60mm
400697,U-bolt,ANSI,CE marked,Zinc-plated,BoltWorks Co.,ASME B18.2.85,Brass,M12,65,Grade 8,U-bolt M12 65mm
400698,Hex bolt,DIN,RoHS compliant,Black oxide,Nut & Bolt Solutions,ISO 4098,Steel,M20,50,Grade 5,Hex bolt M20 50mm
400699,Carriage bolt,ANSI,CE marked,Galvanized,Titan Bolts,ASME B18.89,Stainless steel,M12,70,Grade 10.61,Carriage bolt M12 70mm
400700,Eye bolt,ISO,RoHS compliant,Stainless steel,FastenAll,DIN 1015,Steel,"3/4""",35,Grade A359,"Eye bolt 3/4"" 35mm"
400701,Flange bolt,DIN,RoHS compliant,Black oxide,Nut & Bolt Solutions,ISO 4246,Alloy steel,M12,45,Grade 304,Flange bolt M12 45mm
400702,U-bolt,ANSI,CE marked,Zinc-plated,BoltWorks Co.,ASME B18.2.85,Brass,M10,70,Grade 307,U-bolt M10 70mm
400703,Eye bolt,ISO,RoHS compliant,Galvanized,Titan Bolts,DIN 1016,Steel,M16,60,Grade 10.61,Eye bolt M16 60mm
400704,Flange bolt,ASTM,RoHS compliant,Stainless steel,FastenAll,ASTM A410,Alloy steel,"5/16""",80,Grade A359,"Flange bolt 5/16"" 80mm"
400705,U-bolt,ANSI,CE marked,Zinc-plated,BoltWorks Co.,ASME B18.2.86,Brass,"5/8""",40,Grade 304,"U-bolt 5/8"" 40mm"
400706,Hex bolt,DIN,RoHS compliant,Black oxide,Nut & Bolt Solutions,ISO 4099,Steel,M10,55,Grade 307,Hex bolt M10 55mm
400707,Carriage bolt,ANSI,CE marked,Galvanized,Titan Bolts,ASME B18.90,Stainless steel,M12,90,Grade A360,Carriage bolt M12 90mm
400708,Eye bolt,ISO,RoHS compliant,Stainless steel,FastenAll,DIN 1016,Steel,M20,35,Grade 8,Eye bolt M20 35mm
400709,Flange bolt,DIN,RoHS compliant,Black oxide,Nut & Bolt Solutions,ISO 4247,Alloy steel,M12,60,Grade 5,Flange bolt M12 60mm
400710,U-bolt,ANSI,CE marked,Zinc-plated,BoltWorks Co.,ASME B18.2.86,Brass,"3/4""",65,Grade 8,"U-bolt 3/4"" 65mm"
400711,Eye bolt,ISO,RoHS compliant,Galvanized,Titan Bolts,DIN 1017,Steel,M12,50,Grade 5,Eye bolt M12 50mm
400712,Flange bolt,ASTM,RoHS compliant,Stainless steel,FastenAll,ASTM A411,Alloy steel,M10,70,Grade 10.62,Flange bolt M10 70mm
400713,U-bolt,ANSI,CE marked,Zinc-plated,BoltWorks Co.,ASME B18.2.87,Brass,M16,35,Grade A360,U-bolt M16 35mm
400714,Hex bolt,DIN,RoHS compliant,Black oxide,Nut & Bolt Solutions,ISO 4100,Steel,"5/16""",45,Grade 310,"Hex bolt 5/16"" 45mm"
400715,Carriage bolt,ANSI,CE marked,Galvanized,Titan Bolts,ASME B18.91,Stainless steel,"5/8""",70,Grade 313,"Carriage bolt 5/8"" 70mm"
400716,Eye bolt,ISO,RoHS compliant,Stainless steel,FastenAll,DIN 1017,Steel,M10,60,Grade 10.62,Eye bolt M10 60mm
400717,Flange bolt,DIN,RoHS compliant,Black oxide,Nut & Bolt Solutions,ISO 4248,Alloy steel,M12,80,Grade A360,Flange bolt M12 80mm
400718,U-bolt,ANSI,CE marked,Zinc-plated,BoltWorks Co.,ASME B18.2.87,Brass,M20,40,Grade 310,U-bolt M20 40mm
400719,Eye bolt,ISO,RoHS compliant,Galvanized,Titan Bolts,DIN 1018,Steel,M12,55,Grade 313,Eye bolt M12 55mm
400720,Flange bolt,ASTM,RoHS compliant,Stainless steel,FastenAll,ASTM A412,Alloy steel,"3/4""",90,Grade A361,"Flange bolt 3/4"" 90mm"
400721,U-bolt,ANSI,CE marked,Zinc-plated,BoltWorks Co.,ASME B18.2.88,Brass,M12,35,Grade 8,U-bolt M12 35mm
400722,Hex bolt,DIN,RoHS compliant,Black oxide,Nut & Bolt Solutions,ISO 4101,Steel,M10,60,Grade 5,Hex bolt M10 60mm
400723,Carriage bolt,ANSI,CE marked,Galvanized,Titan Bolts,ASME B18.92,Stainless steel,M16,65,Grade 8,Carriage bolt M16 65mm
400724,Eye bolt,ISO,RoHS compliant,Stainless steel,FastenAll,DIN 1018,Steel,"5/16""",50,Grade 5,"Eye bolt 5/16"" 50mm"
400725,Flange bolt,DIN,RoHS compliant,Black oxide,Nut & Bolt Solutions,ISO 4249,Alloy steel,"5/8""",70,Grade 10.63,"Flange bolt 5/8"" 70mm"
400726,U-bolt,ANSI,CE marked,Zinc-plated,BoltWorks Co.,ASME B18.2.88,Brass,M10,35,Grade A361,U-bolt M10 35mm
400727,Eye bolt,ISO,RoHS compliant,Galvanized,Titan Bolts,DIN 1019,Steel,M12,45,Grade 316,Eye bolt M12 45mm
400728,Flange bolt,ASTM,RoHS compliant,Stainless steel,FastenAll,ASTM A413,Alloy steel,M20,70,Grade 319,Flange bolt M20 70mm
400729,U-bolt,ANSI,CE marked,Zinc-plated,BoltWorks Co.,ASME B18.2.89,Brass,M12,60,Grade 10.63,U-bolt M12 60mm
400730,Hex bolt,DIN,RoHS compliant,Black oxide,Nut & Bolt Solutions,ISO 4102,Steel,"3/4""",80,Grade A361,"Hex bolt 3/4"" 80mm"
400731,Carriage bolt,ANSI,CE marked,Galvanized,Titan Bolts,ASME B18.93,Stainless steel,M12,40,Grade 316,Carriage bolt M12 40mm
400732,Eye bolt,ISO,RoHS compliant,Stainless steel,FastenAll,DIN 1019,Steel,M10,55,Grade 319,Eye bolt M10 55mm
400733,Flange bolt,DIN,RoHS compliant,Black oxide,Nut & Bolt Solutions,ISO 4250,Alloy steel,M16,90,Grade A362,Flange bolt M16 90mm
400734,U-bolt,ANSI,CE marked,Zinc-plated,BoltWorks Co.,ASME B18.2.89,Brass,"5/16""",35,Grade 8,"U-bolt 5/16"" 35mm"
400735,Eye bolt,ISO,RoHS compliant,Galvanized,Titan Bolts,DIN 1020,Steel,"5/8""",60,Grade 5,"Eye bolt 5/8"" 60mm"
400736,Flange bolt,ASTM,RoHS compliant,Stainless steel,FastenAll,ASTM A414,Alloy steel,M10,65,Grade 8,Flange bolt M10 65mm
400737,U-bolt,ANSI,CE marked,Zinc-plated,BoltWorks Co.,ASME B18.2.90,Brass,M12,50,Grade 5,U-bolt M12 50mm
400738,Hex bolt,DIN,RoHS compliant,Black oxide,Nut & Bolt Solutions,ISO 4103,Steel,M20,70,Grade 10.64,Hex bolt M20 70mm
400739,Carriage bolt,ANSI,CE marked,Galvanized,Titan Bolts,ASME B18.94,Stainless steel,M12,35,Grade A362,Carriage bolt M12 35mm
400740,Eye bolt,ISO,RoHS compliant,Stainless steel,FastenAll,DIN 1020,Steel,"3/4""",45,Grade 322,"Eye bolt 3/4"" 45mm"
400741,Flange bolt,DIN,RoHS compliant,Black oxide,Nut & Bolt Solutions,ISO 4251,Alloy steel,M12,70,Grade 325,Flange bolt M12 70mm
400742,U-bolt,ANSI,CE marked,Zinc-plated,BoltWorks Co.,ASME B18.2.90,Brass,M10,60,Grade 10.64,U-bolt M10 60mm
400743,Eye bolt,ISO,RoHS compliant,Galvanized,Titan Bolts,DIN 1021,Steel,M16,80,Grade A362,Eye bolt M16 80mm
400744,Flange bolt,ASTM,RoHS compliant,Stainless steel,FastenAll,ASTM A415,Alloy steel,"5/16""",40,Grade 322,"Flange bolt 5/16"" 40mm"
400745,U-bolt,ANSI,CE marked,Zinc-plated,BoltWorks Co.,ASME B18.2.91,Brass,"5/8""",55,Grade 325,"U-bolt 5/8"" 55mm"
400746,Hex bolt,DIN,RoHS compliant,Black oxide,Nut & Bolt Solutions,ISO 4104,Steel,M10,90,Grade A363,Hex bolt M10 90mm
400747,Carriage bolt,ANSI,CE marked,Galvanized,Titan Bolts,ASME B18.95,Stainless steel,M12,35,Grade 8,Carriage bolt M12 35mm
400748,Eye bolt,ISO,RoHS compliant,Stainless steel,FastenAll,DIN 1021,Steel,M20,60,Grade 5,Eye bolt M20 60mm
400749,Flange bolt,DIN,RoHS compliant,Black oxide,Nut & Bolt Solutions,ISO 4252,Alloy steel,M12,65,Grade 8,Flange bolt M12 65mm
400750,U-bolt,ANSI,CE marked,Zinc-plated,BoltWorks Co.,ASME B18.2.91,Brass,"3/4""",50,Grade 5,"U-bolt 3/4"" 50mm"
400751,Eye bolt,ISO,RoHS compliant,Galvanized,Titan Bolts,DIN 1022,Steel,M12,70,Grade 10.65,Eye bolt M12 70mm
400752,Flange bolt,ASTM,RoHS compliant,Stainless steel,FastenAll,ASTM A416,Alloy steel,M10,35,Grade A363,Flange bolt M10 35mm
400753,U-bolt,ANSI,CE marked,Zinc-plated,BoltWorks Co.,ASME B18.2.92,Brass,M16,45,Grade 328,U-bolt M16 45mm
400754,Hex bolt,DIN,RoHS compliant,Black oxide,Nut & Bolt Solutions,ISO 4105,Steel,"5/16""",70,Grade 331,"Hex bolt 5/16"" 70mm"
400755,Carriage bolt,ANSI,CE marked,Galvanized,Titan Bolts,ASME B18.96,Stainless steel,"5/8""",60,Grade 10.65,"Carriage bolt 5/8"" 60mm"
400756,Eye bolt,ISO,RoHS compliant,Stainless steel,FastenAll,DIN 1022,Steel,M10,80,Grade A363,Eye bolt M10 80mm
400757,Flange bolt,DIN,RoHS compliant,Black oxide,Nut & Bolt Solutions,ISO 4253,Alloy steel,M12,40,Grade 328,Flange bolt M12 40mm
400758,U-bolt,ANSI,CE marked,Zinc-plated,BoltWorks Co.,ASME B18.2.92,Brass,M20,55,Grade 331,U-bolt M20 55mm
400759,Eye bolt,ISO,RoHS compliant,Galvanized,Titan Bolts,DIN 1023,Steel,M12,90,Grade A364,Eye bolt M12 90mm
400760,Flange bolt,ASTM,RoHS compliant,Stainless steel,FastenAll,ASTM A417,Alloy steel,"3/4""",35,Grade 8,"Flange bolt 3/4"" 35mm"
400761,U-bolt,ANSI,CE marked,Zinc-plated,BoltWorks Co.,ASME B18.2.93,Brass,M12,60,Grade 5,U-bolt M12 60mm
400762,Hex bolt,DIN,RoHS compliant,Black oxide,Nut & Bolt Solutions,ISO 4106,Steel,M10,65,Grade 8,Hex bolt M10 65mm
400763,Carriage bolt,ANSI,CE marked,Galvanized,Titan Bolts,ASME B18.97,Stainless steel,M16,50,Grade 5,Carriage bolt M16 50mm
400764,Eye bolt,ISO,RoHS compliant,Stainless steel,FastenAll,DIN 1023,Steel,"5/16""",70,Grade 10.66,"Eye bolt 5/16"" 70mm"
400765,Flange bolt,DIN,RoHS compliant,Black oxide,Nut & Bolt Solutions,ISO 4254,Alloy steel,"5/8""",35,Grade A364,"Flange bolt 5/8"" 35mm"
400766,U-bolt,ANSI,CE marked,Zinc-plated,BoltWorks Co.,ASME B18.2.93,Brass,M10,45,Grade 334,U-bolt M10 45mm
400767,Eye bolt,ISO,RoHS compliant,Galvanized,Titan Bolts,DIN 1024,Steel,M12,70,Grade 337,Eye bolt M12 70mm
400768,Flange bolt,ASTM,RoHS compliant,Stainless steel,FastenAll,ASTM A418,Alloy steel,M20,60,Grade 10.66,Flange bolt M20 60mm
400769,U-bolt,ANSI,CE marked,Zinc-plated,BoltWorks Co.,ASME B18.2.94,Brass,M12,80,Grade A364,U-bolt M12 80mm
400770,Hex bolt,DIN,RoHS compliant,Black oxide,Nut & Bolt Solutions,ISO 4107,Steel,"3/4""",40,Grade 334,"Hex bolt 3/4"" 40mm"
400771,Carriage bolt,ANSI,CE marked,Galvanized,Titan Bolts,ASME B18.98,Stainless steel,M12,55,Grade 337,Carriage bolt M12 55mm
400772,Eye bolt,ISO,RoHS compliant,Stainless steel,FastenAll,DIN 1024,Steel,M10,90,Grade A365,Eye bolt M10 90mm
400773,Flange bolt,DIN,RoHS compliant,Black oxide,Nut & Bolt Solutions,ISO 4255,Alloy steel,M16,35,Grade 8,Flange bolt M16 35mm
400774,U-bolt,ANSI,CE marked,Zinc-plated,BoltWorks Co.,ASME B18.2.94,Brass,"5/16""",60,Grade 5,"U-bolt 5/16"" 60mm"
400775,Eye bolt,ISO,RoHS compliant,Galvanized,Titan Bolts,DIN 1025,Steel,"5/8""",65,Grade 8,"Eye bolt 5/8"" 65mm"
400776,Flange bolt,ASTM,RoHS compliant,Stainless steel,FastenAll,ASTM A419,Alloy steel,M10,50,Grade 5,Flange bolt M10 50mm
400777,U-bolt,ANSI,CE marked,Zinc-plated,BoltWorks Co.,ASME B18.2.95,Brass,M12,70,Grade 10.67,U-bolt M12 70mm
400778,Hex bolt,DIN,RoHS compliant,Black oxide,Nut & Bolt Solutions,ISO 4108,Steel,M20,35,Grade A365,Hex bolt M20 35mm
400779,Carriage bolt,ANSI,CE marked,Galvanized,Titan Bolts,ASME B18.99,Stainless steel,M12,45,Grade 340,Carriage bolt M12 45mm
400780,Eye bolt,ISO,RoHS compliant,Stainless steel,FastenAll,DIN 1025,Steel,"3/4""",70,Grade 343,"Eye bolt 3/4"" 70mm"
400781,Flange bolt,DIN,RoHS compliant,Black oxide,Nut & Bolt Solutions,ISO 4256,Alloy steel,M12,60,Grade 10.67,Flange bolt M12 60mm
400782,U-bolt,ANSI,CE marked,Zinc-plated,BoltWorks Co.,ASME B18.2.95,Brass,M10,80,Grade A365,U-bolt M10 80mm
400783,Eye bolt,ISO,RoHS compliant,Galvanized,Titan Bolts,DIN 1026,Steel,M16,40,Grade 340,Eye bolt M16 40mm
400784,Flange bolt,ASTM,RoHS compliant,Stainless steel,FastenAll,ASTM A420,Alloy steel,"5/16""",55,Grade 343,"Flange bolt 5/16"" 55mm"
400785,U-bolt,ANSI,CE marked,Zinc-plated,BoltWorks Co.,ASME B18.2.96,Brass,"5/8""",90,Grade A366,"U-bolt 5/8"" 90mm"
400786,Hex bolt,DIN,RoHS compliant,Black oxide,Nut & Bolt Solutions,ISO 4109,Steel,M10,35,Grade 8,Hex bolt M10 35mm
400787,Carriage bolt,ANSI,CE marked,Galvanized,Titan Bolts,ASME B18.100,Stainless steel,M12,60,Grade 5,Carriage bolt M12 60mm
400788,Eye bolt,ISO,RoHS compliant,Stainless steel,FastenAll,DIN 1026,Steel,M20,65,Grade 8,Eye bolt M20 65mm
400789,Flange bolt,DIN,RoHS compliant,Black oxide,Nut & Bolt Solutions,ISO 4257,Alloy steel,M12,50,Grade 5,Flange bolt M12 50mm
400790,U-bolt,ANSI,CE marked,Zinc-plated,BoltWorks Co.,ASME B18.2.96,Brass,"3/4""",70,Grade 10.68,"U-bolt 3/4"" 70mm"
400791,Eye bolt,ISO,RoHS compliant,Galvanized,Titan Bolts,DIN 1027,Steel,M12,35,Grade A366,Eye bolt M12 35mm
400792,Flange bolt,ASTM,RoHS compliant,Stainless steel,FastenAll,ASTM A421,Alloy steel,M10,45,Grade 346,Flange bolt M10 45mm
400793,U-bolt,ANSI,CE marked,Zinc-plated,BoltWorks Co.,ASME B18.2.97,Brass,M16,70,Grade 349,U-bolt M16 70mm
400794,Hex bolt,DIN,RoHS compliant,Black oxide,Nut & Bolt Solutions,ISO 4110,Steel,"5/16""",60,Grade 10.68,"Hex bolt 5/16"" 60mm"
400795,Carriage bolt,ANSI,CE marked,Galvanized,Titan Bolts,ASME B18.101,Stainless steel,"5/8""",80,Grade A366,"Carriage bolt 5/8"" 80mm"
400796,Eye bolt,ISO,RoHS compliant,Stainless steel,FastenAll,DIN 1027,Steel,M10,40,Grade 346,Eye bolt M10 40mm
400797,Flange bolt,DIN,RoHS compliant,Black oxide,Nut & Bolt Solutions,ISO 4258,Alloy steel,M12,55,Grade 349,Flange bolt M12 55mm
400798,U-bolt,ANSI,CE marked,Zinc-plated,BoltWorks Co.,ASME B18.2.97,Brass,M20,90,Grade A367,U-bolt M20 90mm
400799,Eye bolt,ISO,RoHS compliant,Galvanized,Titan Bolts,DIN 1028,Steel,M12,35,Grade 8,Eye bolt M12 35mm
400800,Flange bolt,ASTM,RoHS compliant,Stainless steel,FastenAll,ASTM A422,Alloy steel,"3/4""",60,Grade 5,"Flange bolt 3/4"" 60mm"
400801,U-bolt,ANSI,CE marked,Zinc-plated,BoltWorks Co.,ASME B18.2.98,Brass,M12,65,Grade 8,U-bolt M12 65mm
400802,Hex bolt,DIN,RoHS compliant,Black oxide,Nut & Bolt Solutions,ISO 4111,Steel,M10,50,Grade 5,Hex bolt M10 50mm
400803,Carriage bolt,ANSI,CE marked,Galvanized,Titan Bolts,ASME B18.102,Stainless steel,M16,70,Grade 10.69,Carriage bolt M16 70mm
400804,Eye bolt,ISO,RoHS compliant,Stainless steel,FastenAll,DIN 1028,Steel,"5/16""",35,Grade A367,"Eye bolt 5/16"" 35mm"
400805,Flange bolt,DIN,RoHS compliant,Black oxide,Nut & Bolt Solutions,ISO 4259,Alloy steel,"5/8""",45,Grade 352,"Flange bolt 5/8"" 45mm"
400806,U-bolt,ANSI,CE marked,Zinc-plated,BoltWorks Co.,ASME B18.2.98,Brass,M10,70,Grade 355,U-bolt M10 70mm
400807,Eye bolt,ISO,RoHS compliant,Galvanized,Titan Bolts,DIN 1029,Steel,M12,60,Grade 10.69,Eye bolt M12 60mm
400808,Flange bolt,ASTM,RoHS compliant,Stainless steel,FastenAll,ASTM A423,Alloy steel,M20,80,Grade A367,Flange bolt M20 80mm
400809,U-bolt,ANSI,CE marked,Zinc-plated,BoltWorks Co.,ASME B18.2.99,Brass,M12,40,Grade 352,U-bolt M12 40mm
400810,Hex bolt,DIN,RoHS compliant,Black oxide,Nut & Bolt Solutions,ISO 4112,Steel,"3/4""",55,Grade 355,"Hex bolt 3/4"" 55mm"
400811,Carriage bolt,ANSI,CE marked,Galvanized,Titan Bolts,ASME B18.103,Stainless steel,M12,90,Grade A368,Carriage bolt M12 90mm
400812,Eye bolt,ISO,RoHS compliant,Stainless steel,FastenAll,DIN 1029,Steel,M10,35,Grade 8,Eye bolt M10 35mm
400813,Flange bolt,DIN,RoHS compliant,Black oxide,Nut & Bolt Solutions,ISO 4260,Alloy steel,M16,60,Grade 5,Flange bolt M16 60mm
400814,U-bolt,ANSI,CE marked,Zinc-plated,BoltWorks Co.,ASME B18.2.99,Brass,"5/16""",65,Grade 8,"U-bolt 5/16"" 65mm"
400815,Eye bolt,ISO,RoHS compliant,Galvanized,Titan Bolts,DIN 1030,Steel,"5/8""",50,Grade 5,"Eye bolt 5/8"" 50mm"
400816,Flange bolt,ASTM,RoHS compliant,Stainless steel,FastenAll,ASTM A424,Alloy steel,M10,70,Grade 10.70,Flange bolt M10 70mm
400817,U-bolt,ANSI,CE marked,Zinc-plated,BoltWorks Co.,ASME B18.2.100,Brass,M12,35,Grade A368,U-bolt M12 35mm
400818,Hex bolt,DIN,RoHS compliant,Black oxide,Nut & Bolt Solutions,ISO 4113,Steel,M20,45,Grade 358,Hex bolt M20 45mm
400819,Carriage bolt,ANSI,CE marked,Galvanized,Titan Bolts,ASME B18.104,Stainless steel,M12,70,Grade 361,Carriage bolt M12 70mm
400820,Eye bolt,ISO,RoHS compliant,Stainless steel,FastenAll,DIN 1030,Steel,"3/4""",60,Grade 10.70,"Eye bolt 3/4"" 60mm"
400821,Flange bolt,DIN,RoHS compliant,Black oxide,Nut & Bolt Solutions,ISO 4261,Alloy steel,M12,80,Grade A368,Flange bolt M12 80mm
400822,U-bolt,ANSI,CE marked,Zinc-plated,BoltWorks Co.,ASME B18.2.100,Brass,M10,40,Grade 358,U-bolt M10 40mm
400823,Eye bolt,ISO,RoHS compliant,Galvanized,Titan Bolts,DIN 1031,Steel,M16,55,Grade 361,Eye bolt M16 55mm
400824,Flange bolt,ASTM,RoHS compliant,Stainless steel,FastenAll,ASTM A425,Alloy steel,"5/16""",90,Grade A369,"Flange bolt 5/16"" 90mm"
400825,U-bolt,ANSI,CE marked,Zinc-plated,BoltWorks Co.,ASME B18.2.101,Brass,"5/8""",35,Grade 8,"U-bolt 5/8"" 35mm"
400826,Hex bolt,DIN,RoHS compliant,Black oxide,Nut & Bolt Solutions,ISO 4114,Steel,M10,60,Grade 5,Hex bolt M10 60mm
400827,Carriage bolt,ANSI,CE marked,Galvanized,Titan Bolts,ASME B18.105,Stainless steel,M12,65,Grade 8,Carriage bolt M12 65mm
400828,Eye bolt,ISO,RoHS compliant,Stainless steel,FastenAll,DIN 1031,Steel,M20,50,Grade 5,Eye bolt M20 50mm
400829,Flange bolt,DIN,RoHS compliant,Black oxide,Nut & Bolt Solutions,ISO 4262,Alloy steel,M12,70,Grade 10.71,Flange bolt M12 70mm
400830,U-bolt,ANSI,CE marked,Zinc-plated,BoltWorks Co.,ASME B18.2.101,Brass,"3/4""",35,Grade A369,"U-bolt 3/4"" 35mm"
400831,Eye bolt,ISO,RoHS compliant,Galvanized,Titan Bolts,DIN 1032,Steel,M12,45,Grade 364,Eye bolt M12 45mm
400832,Flange bolt,ASTM,RoHS compliant,Stainless steel,FastenAll,ASTM A426,Alloy steel,M10,70,Grade 367,Flange bolt M10 70mm
400833,U-bolt,ANSI,CE marked,Zinc-plated,BoltWorks Co.,ASME B18.2.102,Brass,M16,60,Grade 10.71,U-bolt M16 60mm
400834,Hex bolt,DIN,RoHS compliant,Black oxide,Nut & Bolt Solutions,ISO 4115,Steel,"5/16""",80,Grade A369,"Hex bolt 5/16"" 80mm"
400835,Carriage bolt,ANSI,CE marked,Galvanized,Titan Bolts,ASME B18.106,Stainless steel,"5/8""",40,Grade 364,"Carriage bolt 5/8"" 40mm"
400836,Eye bolt,ISO,RoHS compliant,Stainless steel,FastenAll,DIN 1032,Steel,M10,55,Grade 367,Eye bolt M10 55mm
400837,Flange bolt,DIN,RoHS compliant,Black oxide,Nut & Bolt Solutions,ISO 4263,Alloy steel,M12,90,Grade A370,Flange bolt M12 90mm
400838,U-bolt,ANSI,CE marked,Zinc-plated,BoltWorks Co.,ASME B18.2.102,Brass,M20,35,Grade 8,U-bolt M20 35mm
400839,Eye bolt,ISO,RoHS compliant,Galvanized,Titan Bolts,DIN 1033,Steel,M12,60,Grade 5,Eye bolt M12 60mm
400840,Flange bolt,ASTM,RoHS compliant,Stainless steel,FastenAll,ASTM A427,Alloy steel,"3/4""",65,Grade 8,"Flange bolt 3/4"" 65mm"
400841,U-bolt,ANSI,CE marked,Zinc-plated,BoltWorks Co.,ASME B18.2.103,Brass,M12,50,Grade 5,U-bolt M12 50mm
400842,Hex bolt,DIN,RoHS compliant,Black oxide,Nut & Bolt Solutions,ISO 4116,Steel,M10,70,Grade 10.72,Hex bolt M10 70mm
400843,Carriage bolt,ANSI,CE marked,Galvanized,Titan Bolts,ASME B18.107,Stainless steel,M16,35,Grade A370,Carriage bolt M16 35mm
400844,Eye bolt,ISO,RoHS compliant,Stainless steel,FastenAll,DIN 1033,Steel,"5/16""",45,Grade 370,"Eye bolt 5/16"" 45mm"
400845,Flange bolt,DIN,RoHS compliant,Black oxide,Nut & Bolt Solutions,ISO 4264,Alloy steel,"5/8""",70,Grade 373,"Flange bolt 5/8"" 70mm"
400846,U-bolt,ANSI,CE marked,Zinc-plated,BoltWorks Co.,ASME B18.2.103,Brass,M10,60,Grade 10.72,U-bolt M10 60mm
400847,Eye bolt,ISO,RoHS compliant,Galvanized,Titan Bolts,DIN 1034,Steel,M12,80,Grade A370,Eye bolt M12 80mm
400848,Flange bolt,ASTM,RoHS compliant,Stainless steel,FastenAll,ASTM A428,Alloy steel,M20,40,Grade 370,Flange bolt M20 40mm
400849,U-bolt,ANSI,CE marked,Zinc-plated,BoltWorks Co.,ASME B18.2.104,Brass,M12,55,Grade 373,U-bolt M12 55mm
400850,Hex bolt,DIN,RoHS compliant,Black oxide,Nut & Bolt Solutions,ISO 4117,Steel,"3/4""",90,Grade A371,"Hex bolt 3/4"" 90mm"
400851,Carriage bolt,ANSI,CE marked,Galvanized,Titan Bolts,ASME B18.108,Stainless steel,M12,35,Grade 8,Carriage bolt M12 35mm
400852,Eye bolt,ISO,RoHS compliant,Stainless steel,FastenAll,DIN 1034,Steel,M10,60,Grade 5,Eye bolt M10 60mm
400853,Flange bolt,DIN,RoHS compliant,Black oxide,Nut & Bolt Solutions,ISO 4265,Alloy steel,M16,65,Grade 8,Flange bolt M16 65mm
400854,U-bolt,ANSI,CE marked,Zinc-plated,BoltWorks Co.,ASME B18.2.104,Brass,"5/16""",50,Grade 5,"U-bolt 5/16"" 50mm"
400855,Eye bolt,ISO,RoHS compliant,Galvanized,Titan Bolts,DIN 1035,Steel,"5/8""",70,Grade 10.73,"Eye bolt 5/8"" 70mm"
400856,Flange bolt,ASTM,RoHS compliant,Stainless steel,FastenAll,ASTM A429,Alloy steel,M10,35,Grade A371,Flange bolt M10 35mm
400857,U-bolt,ANSI,CE marked,Zinc-plated,BoltWorks Co.,ASME B18.2.105,Brass,M12,45,Grade 376,U-bolt M12 45mm
400858,Hex bolt,DIN,RoHS compliant,Black oxide,Nut & Bolt Solutions,ISO 4118,Steel,M20,70,Grade 379,Hex bolt M20 70mm
400859,Carriage bolt,ANSI,CE marked,Galvanized,Titan Bolts,ASME B18.109,Stainless steel,M12,60,Grade 10.73,Carriage bolt M12 60mm
400860,Eye bolt,ISO,RoHS compliant,Stainless steel,FastenAll,DIN 1035,Steel,"3/4""",80,Grade A371,"Eye bolt 3/4"" 80mm"
400861,Flange bolt,DIN,RoHS compliant,Black oxide,Nut & Bolt Solutions,ISO 4266,Alloy steel,M12,40,Grade 376,Flange bolt M12 40mm
400862,U-bolt,ANSI,CE marked,Zinc-plated,BoltWorks Co.,ASME B18.2.105,Brass,M10,55,Grade 379,U-bolt M10 55mm
400863,Eye bolt,ISO,RoHS compliant,Galvanized,Titan Bolts,DIN 1036,Steel,M16,90,Grade A372,Eye bolt M16 90mm
400864,Flange bolt,ASTM,RoHS compliant,Stainless steel,FastenAll,ASTM A430,Alloy steel,"5/16""",35,Grade 8,"Flange bolt 5/16"" 35mm"
400865,U-bolt,ANSI,CE marked,Zinc-plated,BoltWorks Co.,ASME B18.2.106,Brass,"5/8""",60,Grade 5,"U-bolt 5/8"" 60mm"
400866,Hex bolt,DIN,RoHS compliant,Black oxide,Nut & Bolt Solutions,ISO 4119,Steel,M10,65,Grade 8,Hex bolt M10 65mm
400867,Carriage bolt,ANSI,CE marked,Galvanized,Titan Bolts,ASME B18.110,Stainless steel,M12,50,Grade 5,Carriage bolt M12 50mm
400868,Eye bolt,ISO,RoHS compliant,Stainless steel,FastenAll,DIN 1036,Steel,M20,70,Grade 10.74,Eye bolt M20 70mm
400869,Flange bolt,DIN,RoHS compliant,Black oxide,Nut & Bolt Solutions,ISO 4267,Alloy steel,M12,35,Grade A372,Flange bolt M12 35mm
400870,U-bolt,ANSI,CE marked,Zinc-plated,BoltWorks Co.,ASME B18.2.106,Brass,"3/4""",45,Grade 382,"U-bolt 3/4"" 45mm"
400871,Eye bolt,ISO,RoHS compliant,Galvanized,Titan Bolts,DIN 1037,Steel,M12,70,Grade 385,Eye bolt M12 70mm
400872,Flange bolt,ASTM,RoHS compliant,Stainless steel,FastenAll,ASTM A431,Alloy steel,M10,60,Grade 10.74,Flange bolt M10 60mm
400873,U-bolt,ANSI,CE marked,Zinc-plated,BoltWorks Co.,ASME B18.2.107,Brass,M16,80,Grade A372,U-bolt M16 80mm
400874,Hex bolt,DIN,RoHS compliant,Black oxide,Nut & Bolt Solutions,ISO 4120,Steel,"5/16""",40,Grade 382,"Hex bolt 5/16"" 40mm"
400875,Carriage bolt,ANSI,CE marked,Galvanized,Titan Bolts,ASME B18.111,Stainless steel,"5/8""",55,Grade 385,"Carriage bolt 5/8"" 55mm"
400876,Eye bolt,ISO,RoHS compliant,Stainless steel,FastenAll,DIN 1037,Steel,M10,90,Grade A373,Eye bolt M10 90mm
400877,Flange bolt,DIN,RoHS compliant,Black oxide,Nut & Bolt Solutions,ISO 4268,Alloy steel,M12,35,Grade 8,Flange bolt M12 35mm
400878,U-bolt,ANSI,CE marked,Zinc-plated,BoltWorks Co.,ASME B18.2.107,Brass,M20,60,Grade 5,U-bolt M20 60mm
400879,Eye bolt,ISO,RoHS compliant,Galvanized,Titan Bolts,DIN 1038,Steel,M12,65,Grade 8,Eye bolt M12 65mm
400880,Flange bolt,ASTM,RoHS compliant,Stainless steel,FastenAll,ASTM A432,Alloy steel,"3/4""",50,Grade 5,"Flange bolt 3/4"" 50mm"
400881,U-bolt,ANSI,CE marked,Zinc-plated,BoltWorks Co.,ASME B18.2.108,Brass,M12,70,Grade 10.75,U-bolt M12 70mm
400882,Hex bolt,DIN,RoHS compliant,Black oxide,Nut & Bolt Solutions,ISO 4121,Steel,M10,35,Grade A373,Hex bolt M10 35mm
400883,Carriage bolt,ANSI,CE marked,Galvanized,Titan Bolts,ASME B18.112,Stainless steel,M16,45,Grade 388,Carriage bolt M16 45mm
400884,Eye bolt,ISO,RoHS compliant,Stainless steel,FastenAll,DIN 1038,Steel,"5/16""",70,Grade 391,"Eye bolt 5/16"" 70mm"
400885,Flange bolt,DIN,RoHS compliant,Black oxide,Nut & Bolt Solutions,ISO 4269,Alloy steel,"5/8""",60,Grade 10.75,"Flange bolt 5/8"" 60mm"
400886,U-bolt,ANSI,CE marked,Zinc-plated,BoltWorks Co.,ASME B18.2.108,Brass,M10,80,Grade A373,U-bolt M10 80mm
400887,Eye bolt,ISO,RoHS compliant,Galvanized,Titan Bolts,DIN 1039,Steel,M12,40,Grade 388,Eye bolt M12 40mm
400888,Flange bolt,ASTM,RoHS compliant,Stainless steel,FastenAll,ASTM A433,Alloy steel,M20,55,Grade 391,Flange bolt M20 55mm
400889,U-bolt,ANSI,CE marked,Zinc-plated,BoltWorks Co.,ASME B18.2.109,Brass,M12,90,Grade A374,U-bolt M12 90mm
400890,Hex bolt,DIN,RoHS compliant,Black oxide,Nut & Bolt Solutions,ISO 4122,Steel,"3/4""",35,Grade 8,"Hex bolt 3/4"" 35mm"
400891,Carriage bolt,ANSI,CE marked,Galvanized,Titan Bolts,ASME B18.113,Stainless steel,M12,60,Grade 5,Carriage bolt M12 60mm
400892,Eye bolt,ISO,RoHS compliant,Stainless steel,FastenAll,DIN 1039,Steel,M10,65,Grade 8,Eye bolt M10 65mm
400893,Flange bolt,DIN,RoHS compliant,Black oxide,Nut & Bolt Solutions,ISO 4270,Alloy steel,M16,50,Grade 5,Flange bolt M16 50mm
400894,U-bolt,ANSI,CE marked,Zinc-plated,BoltWorks Co.,ASME B18.2.109,Brass,"5/16""",70,Grade 10.76,"U-bolt 5/16"" 70mm"
400895,Eye bolt,ISO,RoHS compliant,Galvanized,Titan Bolts,DIN 1040,Steel,"5/8""",35,Grade A374,"Eye bolt 5/8"" 35mm"
400896,Flange bolt,ASTM,RoHS compliant,Stainless steel,FastenAll,ASTM A434,Alloy steel,M10,45,Grade 394,Flange bolt M10 45mm
400897,U-bolt,ANSI,CE marked,Zinc-plated,BoltWorks Co.,ASME B18.2.110,Brass,M12,70,Grade 397,U-bolt M12 70mm
400898,Hex bolt,DIN,RoHS compliant,Black oxide,Nut & Bolt Solutions,ISO 4123,Steel,M20,60,Grade 10.76,Hex bolt M20 60mm
400899,Carriage bolt,ANSI,CE marked,Galvanized,Titan Bolts,ASME B18.114,Stainless steel,M12,80,Grade A374,Carriage bolt M12 80mm
400900,Eye bolt,ISO,RoHS compliant,Stainless steel,FastenAll,DIN 1040,Steel,"3/4""",40,Grade 394,"Eye bolt 3/4"" 40mm"
400901,Flange bolt,DIN,RoHS compliant,Black oxide,Nut & Bolt Solutions,ISO 4271,Alloy steel,M12,55,Grade 397,Flange bolt M12 55mm
400902,U-bolt,ANSI,CE marked,Zinc-plated,BoltWorks Co.,ASME B18.2.110,Brass,M10,90,Grade A375,U-bolt M10 90mm
400903,Eye bolt,ISO,RoHS compliant,Galvanized,Titan Bolts,DIN 1041,Steel,M16,35,Grade 8,Eye bolt M16 35mm
400904,Flange bolt,ASTM,RoHS compliant,Stainless steel,FastenAll,ASTM A435,Alloy steel,"5/16""",60,Grade 5,"Flange bolt 5/16"" 60mm"
400905,U-bolt,ANSI,CE marked,Zinc-plated,BoltWorks Co.,ASME B18.2.111,Brass,"5/8""",65,Grade 8,"U-bolt 5/8"" 65mm"
400906,Hex bolt,DIN,RoHS compliant,Black oxide,Nut & Bolt Solutions,ISO 4124,Steel,M10,50,Grade 5,Hex bolt M10 50mm
400907,Carriage bolt,ANSI,CE marked,Galvanized,Titan Bolts,ASME B18.115,Stainless steel,M12,70,Grade 10.77,Carriage bolt M12 70mm
400908,Eye bolt,ISO,RoHS compliant,Stainless steel,FastenAll,DIN 1041,Steel,M20,35,Grade A375,Eye bolt M20 35mm
400909,Flange bolt,DIN,RoHS compliant,Black oxide,Nut & Bolt Solutions,ISO 4272,Alloy steel,M12,45,Grade 400,Flange bolt M12 45mm
400910,U-bolt,ANSI,CE marked,Zinc-plated,BoltWorks Co.,ASME B18.2.111,Brass,"3/4""",70,Grade 403,"U-bolt 3/4"" 70mm"
400911,Eye bolt,ISO,RoHS compliant,Galvanized,Titan Bolts,DIN 1042,Steel,M12,60,Grade 10.77,Eye bolt M12 60mm
400912,Flange bolt,ASTM,RoHS compliant,Stainless steel,FastenAll,ASTM A436,Alloy steel,M10,80,Grade A375,Flange bolt M10 80mm
400913,U-bolt,ANSI,CE marked,Zinc-plated,BoltWorks Co.,ASME B18.2.112,Brass,M16,40,Grade 400,U-bolt M16 40mm
400914,Hex bolt,DIN,RoHS compliant,Black oxide,Nut & Bolt Solutions,ISO 4125,Steel,"5/16""",55,Grade 403,"Hex bolt 5/16"" 55mm"
400915,Carriage bolt,ANSI,CE marked,Galvanized,Titan Bolts,ASME B18.116,Stainless steel,"5/8""",90,Grade A376,"Carriage bolt 5/8"" 90mm"
400916,Eye bolt,ISO,RoHS compliant,Stainless steel,FastenAll,DIN 1042,Steel,M10,35,Grade 8,Eye bolt M10 35mm
400917,Flange bolt,DIN,RoHS compliant,Black oxide,Nut & Bolt Solutions,ISO 4273,Alloy steel,M12,60,Grade 5,Flange bolt M12 60mm
400918,U-bolt,ANSI,CE marked,Zinc-plated,BoltWorks Co.,ASME B18.2.112,Brass,M20,65,Grade 8,U-bolt M20 65mm
400919,Eye bolt,ISO,RoHS compliant,Galvanized,Titan Bolts,DIN 1043,Steel,M12,50,Grade 5,Eye bolt M12 50mm
400920,Flange bolt,ASTM,RoHS compliant,Stainless steel,FastenAll,ASTM A437,Alloy steel,"3/4""",70,Grade 10.78,"Flange bolt 3/4"" 70mm"
400921,U-bolt,ANSI,CE marked,Zinc-plated,BoltWorks Co.,ASME B18.2.113,Brass,M12,35,Grade A376,U-bolt M12 35mm
400922,Hex bolt,DIN,RoHS compliant,Black oxide,Nut & Bolt Solutions,ISO 4126,Steel,M10,45,Grade 406,Hex bolt M10 45mm
400923,Carriage bolt,ANSI,CE marked,Galvanized,Titan Bolts,ASME B18.117,Stainless steel,M16,70,Grade 409,Carriage bolt M16 70mm
400924,Eye bolt,ISO,RoHS compliant,Stainless steel,FastenAll,DIN 1043,Steel,"5/16""",60,Grade 10.78,"Eye bolt 5/16"" 60mm"
400925,Flange bolt,DIN,RoHS compliant,Black oxide,Nut & Bolt Solutions,ISO 4274,Alloy steel,"5/8""",80,Grade A376,"Flange bolt 5/8"" 80mm"
400926,U-bolt,ANSI,CE marked,Zinc-plated,BoltWorks Co.,ASME B18.2.113,Brass,M10,40,Grade 406,U-bolt M10 40mm
400927,Eye bolt,ISO,RoHS compliant,Galvanized,Titan Bolts,DIN 1044,Steel,M12,55,Grade 409,Eye bolt M12 55mm
400928,Flange bolt,ASTM,RoHS compliant,Stainless steel,FastenAll,ASTM A438,Alloy steel,M20,90,Grade A377,Flange bolt M20 90mm
400929,U-bolt,ANSI,CE marked,Zinc-plated,BoltWorks Co.,ASME B18.2.114,Brass,M12,35,Grade 8,U-bolt M12 35mm
400930,Hex bolt,DIN,RoHS compliant,Black oxide,Nut & Bolt Solutions,ISO 4127,Steel,"3/4""",60,Grade 5,"Hex bolt 3/4"" 60mm"
400931,Carriage bolt,ANSI,CE marked,Galvanized,Titan Bolts,ASME B18.118,Stainless steel,M12,65,Grade 8,Carriage bolt M12 65mm
400932,Eye bolt,ISO,RoHS compliant,Stainless steel,FastenAll,DIN 1044,Steel,M10,50,Grade 5,Eye bolt M10 50mm
400933,Flange bolt,DIN,RoHS compliant,Black oxide,Nut & Bolt Solutions,ISO 4275,Alloy steel,M16,70,Grade 10.79,Flange bolt M16 70mm
400934,U-bolt,ANSI,CE marked,Zinc-plated,BoltWorks Co.,ASME B18.2.114,Brass,"5/16""",35,Grade A377,"U-bolt 5/16"" 35mm"
400935,Eye bolt,ISO,RoHS compliant,Galvanized,Titan Bolts,DIN 1045,Steel,"5/8""",45,Grade 412,"Eye bolt 5/8"" 45mm"
400936,Flange bolt,ASTM,RoHS compliant,Stainless steel,FastenAll,ASTM A439,Alloy steel,M10,70,Grade 415,Flange bolt M10 70mm
400937,U-bolt,ANSI,CE marked,Zinc-plated,BoltWorks Co.,ASME B18.2.115,Brass,M12,60,Grade 10.79,U-bolt M12 60mm
400938,Hex bolt,DIN,RoHS compliant,Black oxide,Nut & Bolt Solutions,ISO 4128,Steel,M20,80,Grade A377,Hex bolt M20 80mm
400939,Carriage bolt,ANSI,CE marked,Galvanized,Titan Bolts,ASME B18.119,Stainless steel,M12,40,Grade 412,Carriage bolt M12 40mm
400940,Eye bolt,ISO,RoHS compliant,Stainless steel,FastenAll,DIN 1045,Steel,"3/4""",55,Grade 415,"Eye bolt 3/4"" 55mm"
400941,Flange bolt,DIN,RoHS compliant,Black oxide,Nut & Bolt Solutions,ISO 4276,Alloy steel,M12,90,Grade A378,Flange bolt M12 90mm
400942,U-bolt,ANSI,CE marked,Zinc-plated,BoltWorks Co.,ASME B18.2.115,Brass,M10,35,Grade 8,U-bolt M10 35mm
400943,Eye bolt,ISO,RoHS compliant,Galvanized,Titan Bolts,DIN 1046,Steel,M16,60,Grade 5,Eye bolt M16 60mm
400944,Flange bolt,ASTM,RoHS compliant,Stainless steel,FastenAll,ASTM A440,Alloy steel,"5/16""",65,Grade 8,"Flange bolt 5/16"" 65mm"
400945,U-bolt,ANSI,CE marked,Zinc-plated,BoltWorks Co.,ASME B18.2.116,Brass,"5/8""",50,Grade 5,"U-bolt 5/8"" 50mm"
400946,Hex bolt,DIN,RoHS compliant,Black oxide,Nut & Bolt Solutions,ISO 4129,Steel,M10,70,Grade 10.80,Hex bolt M10 70mm
400947,Carriage bolt,ANSI,CE marked,Galvanized,Titan Bolts,ASME B18.120,Stainless steel,M12,35,Grade A378,Carriage bolt M12 35mm
400948,Eye bolt,ISO,RoHS compliant,Stainless steel,FastenAll,DIN 1046,Steel,M20,45,Grade 418,Eye bolt M20 45mm
400949,Flange bolt,DIN,RoHS compliant,Black oxide,Nut & Bolt Solutions,ISO 4277,Alloy steel,M12,70,Grade 421,Flange bolt M12 70mm
400950,U-bolt,ANSI,CE marked,Zinc-plated,BoltWorks Co.,ASME B18.2.116,Brass,"3/4""",60,Grade 10.80,"U-bolt 3/4"" 60mm"
400951,Eye bolt,ISO,RoHS compliant,Galvanized,Titan Bolts,DIN 1047,Steel,M12,80,Grade A378,Eye bolt M12 80mm
400952,Flange bolt,ASTM,RoHS compliant,Stainless steel,FastenAll,ASTM A441,Alloy steel,M10,40,Grade 418,Flange bolt M10 40mm
400953,U-bolt,ANSI,CE marked,Zinc-plated,BoltWorks Co.,ASME B18.2.117,Brass,M16,55,Grade 421,U-bolt M16 55mm
400954,Hex bolt,DIN,RoHS compliant,Black oxide,Nut & Bolt Solutions,ISO 4130,Steel,"5/16""",90,Grade A379,"Hex bolt 5/16"" 90mm"
400955,Carriage bolt,ANSI,CE marked,Galvanized,Titan Bolts,ASME B18.121,Stainless steel,"5/8""",35,Grade 8,"Carriage bolt 5/8"" 35mm"
400956,Eye bolt,ISO,RoHS compliant,Stainless steel,FastenAll,DIN 1047,Steel,M10,60,Grade 5,Eye bolt M10 60mm
400957,Flange bolt,DIN,RoHS compliant,Black oxide,Nut & Bolt Solutions,ISO 4278,Alloy steel,M12,65,Grade 8,Flange bolt M12 65mm
400958,U-bolt,ANSI,CE marked,Zinc-plated,BoltWorks Co.,ASME B18.2.117,Brass,M20,50,Grade 5,U-bolt M20 50mm
400959,Eye bolt,ISO,RoHS compliant,Galvanized,Titan Bolts,DIN 1048,Steel,M12,70,Grade 10.81,Eye bolt M12 70mm
400960,Flange bolt,ASTM,RoHS compliant,Stainless steel,FastenAll,ASTM A442,Alloy steel,"3/4""",35,Grade A379,"Flange bolt 3/4"" 35mm"
400961,U-bolt,ANSI,CE marked,Zinc-plated,BoltWorks Co.,ASME B18.2.118,Brass,M12,45,Grade 424,U-bolt M12 45mm
400962,Hex bolt,DIN,RoHS compliant,Black oxide,Nut & Bolt Solutions,ISO 4131,Steel,M10,70,Grade 427,Hex bolt M10 70mm
400963,Carriage bolt,ANSI,CE marked,Galvanized,Titan Bolts,ASME B18.122,Stainless steel,M16,60,Grade 10.81,Carriage bolt M16 60mm
400964,Eye bolt,ISO,RoHS compliant,Stainless steel,FastenAll,DIN 1048,Steel,"5/16""",80,Grade A379,"Eye bolt 5/16"" 80mm"
400965,Flange bolt,DIN,RoHS compliant,Black oxide,Nut & Bolt Solutions,ISO 4279,Alloy steel,"5/8""",40,Grade 424,"Flange bolt 5/8"" 40mm"
400966,U-bolt,ANSI,CE marked,Zinc-plated,BoltWorks Co.,ASME B18.2.118,Brass,M10,55,Grade 427,U-bolt M10 55mm
400967,Eye bolt,ISO,RoHS compliant,Galvanized,Titan Bolts,DIN 1049,Steel,M12,90,Grade A380,Eye bolt M12 90mm
400968,Flange bolt,ASTM,RoHS compliant,Stainless steel,FastenAll,ASTM A443,Alloy steel,M20,35,Grade 8,Flange bolt M20 35mm
400969,U-bolt,ANSI,CE marked,Zinc-plated,BoltWorks Co.,ASME B18.2.119,Brass,M12,60,Grade 5,U-bolt M12 60mm
400970,Hex bolt,DIN,RoHS compliant,Black oxide,Nut & Bolt Solutions,ISO 4132,Steel,"3/4""",65,Grade 8,"Hex bolt 3/4"" 65mm"
400971,Carriage bolt,ANSI,CE marked,Galvanized,Titan Bolts,ASME B18.123,Stainless steel,M12,50,Grade 5,Carriage bolt M12 50mm
400972,Eye bolt,ISO,RoHS compliant,Stainless steel,FastenAll,DIN 1049,Steel,M10,70,Grade 10.82,Eye bolt M10 70mm
400973,Flange bolt,DIN,RoHS compliant,Black oxide,Nut & Bolt Solutions,ISO 4280,Alloy steel,M16,35,Grade A380,Flange bolt M16 35mm
400974,U-bolt,ANSI,CE marked,Zinc-plated,BoltWorks Co.,ASME B18.2.119,Brass,"5/16""",45,Grade 430,"U-bolt 5/16"" 45mm"
400975,Eye bolt,ISO,RoHS compliant,Galvanized,Titan Bolts,DIN 1050,Steel,"5/8""",70,Grade 433,"Eye bolt 5/8"" 70mm"
400976,Flange bolt,ASTM,RoHS compliant,Stainless steel,FastenAll,ASTM A444,Alloy steel,M10,60,Grade 10.82,Flange bolt M10 60mm
400977,U-bolt,ANSI,CE marked,Zinc-plated,BoltWorks Co.,ASME B18.2.120,Brass,M12,80,Grade A380,U-bolt M12 80mm
400978,Hex bolt,DIN,RoHS compliant,Black oxide,Nut & Bolt Solutions,ISO 4133,Steel,M20,40,Grade 430,Hex bolt M20 40mm
400979,Carriage bolt,ANSI,CE marked,Galvanized,Titan Bolts,ASME B18.124,Stainless steel,M12,55,Grade 433,Carriage bolt M12 55mm
400980,Eye bolt,ISO,RoHS compliant,Stainless steel,FastenAll,DIN 1050,Steel,"3/4""",90,Grade A381,"Eye bolt 3/4"" 90mm"
400981,Flange bolt,DIN,RoHS compliant,Black oxide,Nut & Bolt Solutions,ISO 4281,Alloy steel,M12,35,Grade 8,Flange bolt M12 35mm
400982,U-bolt,ANSI,CE marked,Zinc-plated,BoltWorks Co.,ASME B18.2.120,Brass,M10,60,Grade 5,U-bolt M10 60mm
400983,Eye bolt,ISO,RoHS compliant,Galvanized,Titan Bolts,DIN 1051,Steel,M16,65,Grade 8,Eye bolt M16 65mm
400984,Flange bolt,ASTM,RoHS compliant,Stainless steel,FastenAll,ASTM A445,Alloy steel,"5/16""",50,Grade 5,"Flange bolt 5/16"" 50mm"
400985,U-bolt,ANSI,CE marked,Zinc-plated,BoltWorks Co.,ASME B18.2.121,Brass,"5/8""",70,Grade 10.83,"U-bolt 5/8"" 70mm"
400986,Hex bolt,DIN,RoHS compliant,Black oxide,Nut & Bolt Solutions,ISO 4134,Steel,M10,35,Grade A381,Hex bolt M10 35mm
400987,Carriage bolt,ANSI,CE marked,Galvanized,Titan Bolts,ASME B18.125,Stainless steel,M12,45,Grade 436,Carriage bolt M12 45mm
400988,Eye bolt,ISO,RoHS compliant,Stainless steel,FastenAll,DIN 1051,Steel,M20,70,Grade 439,Eye bolt M20 70mm
400989,Flange bolt,DIN,RoHS compliant,Black oxide,Nut & Bolt Solutions,ISO 4282,Alloy steel,M12,60,Grade 10.83,Flange bolt M12 60mm
400990,U-bolt,ANSI,CE marked,Zinc-plated,BoltWorks Co.,ASME B18.2.121,Brass,"3/4""",80,Grade A381,"U-bolt 3/4"" 80mm"
400991,Eye bolt,ISO,RoHS compliant,Galvanized,Titan Bolts,DIN 1052,Steel,M12,40,Grade 436,Eye bolt M12 40mm
400992,Flange bolt,ASTM,RoHS compliant,Stainless steel,FastenAll,ASTM A446,Alloy steel,M10,55,Grade 439,Flange bolt M10 55mm
400993,U-bolt,ANSI,CE marked,Zinc-plated,BoltWorks Co.,ASME B18.2.122,Brass,M16,90,Grade A382,U-bolt M16 90mm
400994,Hex bolt,DIN,RoHS compliant,Black oxide,Nut & Bolt Solutions,ISO 4135,Steel,"5/16""",35,Grade 8,"Hex bolt 5/16"" 35mm"
400995,Carriage bolt,ANSI,CE marked,Galvanized,Titan Bolts,ASME B18.126,Stainless steel,"5/8""",60,Grade 5,"Carriage bolt 5/8"" 60mm"
400996,Eye bolt,ISO,RoHS compliant,Stainless steel,FastenAll,DIN 1052,Steel,M10,65,Grade 8,Eye bolt M10 65mm
400997,Flange bolt,DIN,RoHS compliant,Black oxide,Nut & Bolt Solutions,ISO 4283,Alloy steel,M12,50,Grade 5,Flange bolt M12 50mm
400998,U-bolt,ANSI,CE marked,Zinc-plated,BoltWorks Co.,ASME B18.2.122,Brass,M20,70,Grade 10.84,U-bolt M20 70mm
400999,Eye bolt,ISO,RoHS compliant,Galvanized,Titan Bolts,DIN 1053,Steel,M12,35,Grade A382,Eye bolt M12 35mm
401000,Flange bolt,ASTM,RoHS compliant,Stainless steel,FastenAll,ASTM A447,Alloy steel,"3/4""",45,Grade 442,"Flange bolt 3/4"" 45mm"
